constructorResultsId,raceId,constructorId,points,date
10312,897,205,0.0,2014-03-16 06:00:00
10313,897,203,0.0,2014-03-16 06:00:00
10314,897,204,0.0,2014-03-16 06:00:00
10315,897,14,0.0,2014-03-16 06:00:00
10316,897,129,25.0,2014-03-16 06:00:00
10317,897,9,9.0,2014-03-16 06:00:00
10318,897,2,10.0,2014-03-16 06:00:00
10319,897,5,18.0,2014-03-16 06:00:00
10320,897,0,33.0,2014-03-16 06:00:00
10321,897,4,6.0,2014-03-16 06:00:00
10322,897,8,0.0,2014-03-16 06:00:00
10323,898,14,0.0,2014-03-30 08:00:00
10324,898,203,0.0,2014-03-30 08:00:00
10325,898,204,0.0,2014-03-30 08:00:00
10326,898,205,0.0,2014-03-30 08:00:00
10327,898,2,10.0,2014-03-30 08:00:00
10328,898,0,10.0,2014-03-30 08:00:00
10329,898,9,10.0,2014-03-30 08:00:00
10330,898,5,12.0,2014-03-30 08:00:00
10331,898,8,15.0,2014-03-30 08:00:00
10332,898,129,43.0,2014-03-30 08:00:00
10333,898,4,1.0,2014-03-30 08:00:00
10334,899,204,0.0,2014-04-06 15:00:00
10335,899,14,0.0,2014-04-06 15:00:00
10336,899,0,0.0,2014-04-06 15:00:00
10337,899,203,0.0,2014-04-06 15:00:00
10338,899,9,25.0,2014-04-06 15:00:00
10339,899,4,0.0,2014-04-06 15:00:00
10340,899,5,3.0,2014-04-06 15:00:00
10341,899,2,10.0,2014-04-06 15:00:00
10342,899,8,20.0,2014-04-06 15:00:00
10343,899,129,43.0,2014-04-06 15:00:00
10344,899,205,0.0,2014-04-06 15:00:00
10345,900,14,0.0,2014-04-20 07:00:00
10346,900,204,0.0,2014-04-20 07:00:00
10347,900,205,0.0,2014-04-20 07:00:00
10348,900,203,0.0,2014-04-20 07:00:00
10349,900,4,1.0,2014-04-20 07:00:00
10350,900,2,6.0,2014-04-20 07:00:00
10351,900,9,10.0,2014-04-20 07:00:00
10352,900,8,22.0,2014-04-20 07:00:00
10353,900,0,0.0,2014-04-20 07:00:00
10354,900,129,43.0,2014-04-20 07:00:00
10355,900,5,19.0,2014-04-20 07:00:00
10356,901,204,0.0,2014-05-11 12:00:00
10357,901,203,0.0,2014-05-11 12:00:00
10358,901,14,0.0,2014-05-11 12:00:00
10359,901,4,0.0,2014-05-11 12:00:00
10360,901,9,3.0,2014-05-11 12:00:00
10361,901,205,4.0,2014-05-11 12:00:00
10362,901,5,14.0,2014-05-11 12:00:00
10363,901,2,10.0,2014-05-11 12:00:00
10364,901,8,27.0,2014-05-11 12:00:00
10365,901,129,43.0,2014-05-11 12:00:00
10366,901,0,0.0,2014-05-11 12:00:00
10367,902,204,0.0,2014-05-25 12:00:00
10368,902,4,0.0,2014-05-25 12:00:00
10369,902,14,0.0,2014-05-25 12:00:00
10370,902,203,2.0,2014-05-25 12:00:00
10371,902,129,43.0,2014-05-25 12:00:00
10372,902,2,6.0,2014-05-25 12:00:00
10373,902,0,9.0,2014-05-25 12:00:00
10374,902,9,10.0,2014-05-25 12:00:00
10375,902,5,12.0,2014-05-25 12:00:00
10376,902,8,15.0,2014-05-25 12:00:00
10377,902,205,4.0,2014-05-25 12:00:00
10378,903,205,0.0,2014-06-08 18:00:00
10379,903,203,0.0,2014-06-08 18:00:00
10380,903,204,0.0,2014-06-08 18:00:00
10381,903,14,0.0,2014-06-08 18:00:00
10382,903,2,6.0,2014-06-08 18:00:00
10383,903,5,9.0,2014-06-08 18:00:00
10384,903,9,10.0,2014-06-08 18:00:00
10385,903,0,14.0,2014-06-08 18:00:00
10386,903,129,18.0,2014-06-08 18:00:00
10387,903,4,4.0,2014-06-08 18:00:00
10388,903,8,40.0,2014-06-08 18:00:00
10389,904,4,0.0,2014-06-22 12:00:00
10390,904,204,0.0,2014-06-22 12:00:00
10391,904,203,0.0,2014-06-22 12:00:00
10392,904,14,0.0,2014-06-22 12:00:00
10393,904,205,0.0,2014-06-22 12:00:00
10394,904,8,4.0,2014-06-22 12:00:00
10395,904,0,6.0,2014-06-22 12:00:00
10396,904,9,10.0,2014-06-22 12:00:00
10397,904,5,11.0,2014-06-22 12:00:00
10398,904,2,27.0,2014-06-22 12:00:00
10399,904,129,43.0,2014-06-22 12:00:00
10400,905,204,0.0,2014-07-06 12:00:00
10401,905,203,0.0,2014-07-06 12:00:00
10402,905,14,0.0,2014-07-06 12:00:00
10403,905,205,0.0,2014-07-06 12:00:00
10404,905,129,25.0,2014-07-06 12:00:00
10405,905,9,4.0,2014-07-06 12:00:00
10406,905,5,8.0,2014-07-06 12:00:00
10407,905,0,18.0,2014-07-06 12:00:00
10408,905,8,25.0,2014-07-06 12:00:00
10409,905,2,18.0,2014-07-06 12:00:00
10410,905,4,3.0,2014-07-06 12:00:00
10411,906,203,0.0,2014-07-20 12:00:00
10412,906,14,0.0,2014-07-20 12:00:00
10413,906,204,0.0,2014-07-20 12:00:00
10414,906,4,0.0,2014-07-20 12:00:00
10415,906,129,40.0,2014-07-20 12:00:00
10416,906,0,6.0,2014-07-20 12:00:00
10417,906,9,7.0,2014-07-20 12:00:00
10418,906,5,10.0,2014-07-20 12:00:00
10419,906,8,20.0,2014-07-20 12:00:00
10420,906,205,0.0,2014-07-20 12:00:00
10421,906,2,18.0,2014-07-20 12:00:00
10422,907,9,0.0,2014-07-27 12:00:00
10423,907,204,0.0,2014-07-27 12:00:00
10424,907,203,0.0,2014-07-27 12:00:00
10425,907,205,0.0,2014-07-27 12:00:00
10426,907,14,0.0,2014-07-27 12:00:00
10427,907,0,1.0,2014-07-27 12:00:00
10428,907,4,2.0,2014-07-27 12:00:00
10429,907,2,14.0,2014-07-27 12:00:00
10430,907,129,27.0,2014-07-27 12:00:00
10431,907,5,26.0,2014-07-27 12:00:00
10432,907,8,31.0,2014-07-27 12:00:00
10433,908,205,0.0,2014-08-24 12:00:00
10434,908,204,0.0,2014-08-24 12:00:00
10435,908,203,0.0,2014-08-24 12:00:00
10436,908,14,0.0,2014-08-24 12:00:00
10437,908,8,35.0,2014-08-24 12:00:00
10438,908,9,5.0,2014-08-24 12:00:00
10439,908,0,8.0,2014-08-24 12:00:00
10440,908,5,18.0,2014-08-24 12:00:00
10441,908,2,15.0,2014-08-24 12:00:00
10442,908,129,18.0,2014-08-24 12:00:00
10443,908,4,2.0,2014-08-24 12:00:00
10444,909,14,0.0,2014-09-07 12:00:00
10445,909,203,0.0,2014-09-07 12:00:00
10446,909,204,0.0,2014-09-07 12:00:00
10447,909,205,0.0,2014-09-07 12:00:00
10448,909,129,43.0,2014-09-07 12:00:00
10449,909,5,2.0,2014-09-07 12:00:00
10450,909,0,5.0,2014-09-07 12:00:00
10451,909,9,6.0,2014-09-07 12:00:00
10452,909,8,18.0,2014-09-07 12:00:00
10453,909,2,27.0,2014-09-07 12:00:00
10454,909,4,0.0,2014-09-07 12:00:00
10455,910,14,0.0,2014-09-21 12:00:00
10456,910,203,0.0,2014-09-21 12:00:00
10457,910,204,0.0,2014-09-21 12:00:00
10458,910,205,0.0,2014-09-21 12:00:00
10459,910,0,1.0,2014-09-21 12:00:00
10460,910,4,8.0,2014-09-21 12:00:00
10461,910,2,10.0,2014-09-21 12:00:00
10462,910,5,16.0,2014-09-21 12:00:00
10463,910,8,33.0,2014-09-21 12:00:00
10464,910,129,25.0,2014-09-21 12:00:00
10465,910,9,8.0,2014-09-21 12:00:00
10466,911,203,0.0,2014-10-05 06:00:00
10467,911,204,0.0,2014-10-05 06:00:00
10468,911,205,0.0,2014-10-05 06:00:00
10469,911,5,0.0,2014-10-05 06:00:00
10470,911,14,0.0,2014-10-05 06:00:00
10471,911,9,5.0,2014-10-05 06:00:00
10472,911,2,14.0,2014-10-05 06:00:00
10473,911,0,10.0,2014-10-05 06:00:00
10474,911,8,27.0,2014-10-05 06:00:00
10475,911,4,2.0,2014-10-05 06:00:00
10476,911,129,43.0,2014-10-05 06:00:00
10477,912,203,0.0,2014-10-12 11:00:00
10478,912,204,0.0,2014-10-12 11:00:00
10479,912,205,0.0,2014-10-12 11:00:00
10480,912,14,0.0,2014-10-12 11:00:00
10481,912,4,0.0,2014-10-12 11:00:00
10482,912,9,1.0,2014-10-12 11:00:00
10483,912,8,10.0,2014-10-12 11:00:00
10484,912,5,10.0,2014-10-12 11:00:00
10485,912,0,22.0,2014-10-12 11:00:00
10486,912,2,15.0,2014-10-12 11:00:00
10487,912,129,43.0,2014-10-12 11:00:00
10488,913,9,0.0,2014-11-02 20:00:00
10489,913,14,0.0,2014-11-02 20:00:00
10490,913,205,2.0,2014-11-02 20:00:00
10491,913,4,1.0,2014-11-02 20:00:00
10492,913,2,22.0,2014-11-02 20:00:00
10493,913,5,8.0,2014-11-02 20:00:00
10494,913,8,21.0,2014-11-02 20:00:00
10495,913,129,43.0,2014-11-02 20:00:00
10496,913,0,4.0,2014-11-02 20:00:00
10497,914,14,0.0,2014-11-09 16:00:00
10498,914,205,0.0,2014-11-09 16:00:00
10499,914,4,0.0,2014-11-09 16:00:00
10500,914,9,4.0,2014-11-09 16:00:00
10501,914,5,14.0,2014-11-09 16:00:00
10502,914,0,14.0,2014-11-09 16:00:00
10503,914,2,16.0,2014-11-09 16:00:00
10504,914,129,43.0,2014-11-09 16:00:00
10505,914,8,10.0,2014-11-09 16:00:00
10506,915,4,0.0,2014-11-23 13:00:00
10507,915,204,0.0,2014-11-23 13:00:00
10508,915,14,0.0,2014-11-23 13:00:00
10509,915,205,0.0,2014-11-23 13:00:00
10510,915,5,6.0,2014-11-23 13:00:00
10511,915,9,28.0,2014-11-23 13:00:00
10512,915,0,20.0,2014-11-23 13:00:00
10513,915,8,32.0,2014-11-23 13:00:00
10514,915,2,66.0,2014-11-23 13:00:00
10515,915,129,50.0,2014-11-23 13:00:00
10516,916,0,0.0,2015-03-15 05:00:00
10517,916,4,2.0,2015-03-15 05:00:00
10518,916,9,7.0,2015-03-15 05:00:00
10519,916,8,8.0,2015-03-15 05:00:00
10520,916,205,0.0,2015-03-15 05:00:00
10521,916,2,12.0,2015-03-15 05:00:00
10522,916,5,15.0,2015-03-15 05:00:00
10523,916,129,43.0,2015-03-15 05:00:00
10524,916,14,14.0,2015-03-15 05:00:00
10525,917,0,0.0,2015-03-29 07:00:00
10526,917,206,0.0,2015-03-29 07:00:00
10527,917,9,0.0,2015-03-29 07:00:00
10528,917,14,0.0,2015-03-29 07:00:00
10529,917,205,0.0,2015-03-29 07:00:00
10530,917,8,3.0,2015-03-29 07:00:00
10531,917,2,18.0,2015-03-29 07:00:00
10532,917,129,33.0,2015-03-29 07:00:00
10533,917,5,37.0,2015-03-29 07:00:00
10534,917,4,10.0,2015-03-29 07:00:00
10535,918,9,0.0,2015-04-12 06:00:00
10536,918,206,0.0,2015-04-12 06:00:00
10537,918,4,0.0,2015-04-12 06:00:00
10538,918,0,0.0,2015-04-12 06:00:00
10539,918,8,2.0,2015-04-12 06:00:00
10540,918,14,5.0,2015-04-12 06:00:00
10541,918,205,6.0,2015-04-12 06:00:00
10542,918,2,18.0,2015-04-12 06:00:00
10543,918,5,27.0,2015-04-12 06:00:00
10544,918,129,43.0,2015-04-12 06:00:00
10545,919,206,0.0,2015-04-19 15:00:00
10546,919,14,0.0,2015-04-19 15:00:00
10547,919,0,0.0,2015-04-19 15:00:00
10548,919,9,4.0,2015-04-19 15:00:00
10549,919,205,6.0,2015-04-19 15:00:00
10550,919,4,0.0,2015-04-19 15:00:00
10551,919,2,13.0,2015-04-19 15:00:00
10552,919,5,28.0,2015-04-19 15:00:00
10553,919,129,40.0,2015-04-19 15:00:00
10554,919,8,10.0,2015-04-19 15:00:00
10555,920,206,0.0,2015-05-10 12:00:00
10556,920,0,0.0,2015-05-10 12:00:00
10557,920,9,0.0,2015-05-10 12:00:00
10558,920,14,0.0,2015-05-10 12:00:00
10559,920,4,2.0,2015-05-10 12:00:00
10560,920,205,4.0,2015-05-10 12:00:00
10561,920,2,20.0,2015-05-10 12:00:00
10562,920,5,25.0,2015-05-10 12:00:00
10563,920,129,43.0,2015-05-10 12:00:00
10564,920,8,7.0,2015-05-10 12:00:00
10565,921,4,1.0,2015-05-24 12:00:00
10566,921,206,0.0,2015-05-24 12:00:00
10567,921,2,0.0,2015-05-24 12:00:00
10568,921,205,0.0,2015-05-24 12:00:00
10569,921,0,4.0,2015-05-24 12:00:00
10570,921,14,2.0,2015-05-24 12:00:00
10571,921,9,6.0,2015-05-24 12:00:00
10572,921,8,22.0,2015-05-24 12:00:00
10573,921,5,26.0,2015-05-24 12:00:00
10574,921,129,40.0,2015-05-24 12:00:00
10575,922,0,0.0,2015-06-07 18:00:00
10576,922,206,0.0,2015-06-07 18:00:00
10577,922,14,0.0,2015-06-07 18:00:00
10578,922,4,0.0,2015-06-07 18:00:00
10579,922,8,2.0,2015-06-07 18:00:00
10580,922,205,7.0,2015-06-07 18:00:00
10581,922,5,22.0,2015-06-07 18:00:00
10582,922,2,23.0,2015-06-07 18:00:00
10583,922,129,43.0,2015-06-07 18:00:00
10584,922,9,4.0,2015-06-07 18:00:00
10585,923,8,1.0,2015-06-21 12:00:00
10586,923,206,0.0,2015-06-21 12:00:00
10587,923,14,0.0,2015-06-21 12:00:00
10588,923,205,6.0,2015-06-21 12:00:00
10589,923,4,4.0,2015-06-21 12:00:00
10590,923,5,12.0,2015-06-21 12:00:00
10591,923,9,10.0,2015-06-21 12:00:00
10592,923,129,43.0,2015-06-21 12:00:00
10593,923,0,0.0,2015-06-21 12:00:00
10594,923,2,25.0,2015-06-21 12:00:00
10595,924,4,0.0,2015-07-05 12:00:00
10596,924,129,43.0,2015-07-05 12:00:00
10597,924,5,19.0,2015-07-05 12:00:00
10598,924,2,22.0,2015-07-05 12:00:00
10599,924,8,8.0,2015-07-05 12:00:00
10600,924,9,8.0,2015-07-05 12:00:00
10601,924,0,1.0,2015-07-05 12:00:00
10602,924,14,0.0,2015-07-05 12:00:00
10603,924,206,0.0,2015-07-05 12:00:00
10604,924,205,0.0,2015-07-05 12:00:00
10605,925,9,0.0,2015-07-26 12:00:00
10606,925,206,0.0,2015-07-26 12:00:00
10607,925,2,0.0,2015-07-26 12:00:00
10608,925,14,1.0,2015-07-26 12:00:00
10609,925,205,6.0,2015-07-26 12:00:00
10610,925,5,25.0,2015-07-26 12:00:00
10611,925,0,12.0,2015-07-26 12:00:00
10612,925,4,12.0,2015-07-26 12:00:00
10613,925,8,33.0,2015-07-26 12:00:00
10614,925,129,12.0,2015-07-26 12:00:00
10615,926,203,0.0,2015-08-23 12:00:00
10616,926,4,4.0,2015-08-23 12:00:00
10617,926,0,0.0,2015-08-23 12:00:00
10618,926,14,1.0,2015-08-23 12:00:00
10619,926,206,0.0,2015-08-23 12:00:00
10620,926,5,6.0,2015-08-23 12:00:00
10621,926,9,10.0,2015-08-23 12:00:00
10622,926,8,12.0,2015-08-23 12:00:00
10623,926,205,15.0,2015-08-23 12:00:00
10624,926,129,43.0,2015-08-23 12:00:00
10625,926,2,10.0,2015-08-23 12:00:00
10626,927,205,0.0,2015-09-06 12:00:00
10627,927,206,0.0,2015-09-06 12:00:00
10628,927,0,0.0,2015-09-06 12:00:00
10629,927,4,0.0,2015-09-06 12:00:00
10630,927,14,2.0,2015-09-06 12:00:00
10631,927,9,14.0,2015-09-06 12:00:00
10632,927,2,27.0,2015-09-06 12:00:00
10633,927,5,28.0,2015-09-06 12:00:00
10634,927,129,25.0,2015-09-06 12:00:00
10635,927,8,5.0,2015-09-06 12:00:00
10636,928,4,6.0,2015-09-20 12:00:00
10637,928,206,0.0,2015-09-20 12:00:00
10638,928,205,0.0,2015-09-20 12:00:00
10639,928,14,1.0,2015-09-20 12:00:00
10640,928,9,6.0,2015-09-20 12:00:00
10641,928,0,0.0,2015-09-20 12:00:00
10642,928,129,12.0,2015-09-20 12:00:00
10643,928,8,26.0,2015-09-20 12:00:00
10644,928,5,40.0,2015-09-20 12:00:00
10645,928,2,10.0,2015-09-20 12:00:00
10646,929,14,0.0,2015-09-27 05:00:00
10647,929,8,0.0,2015-09-27 05:00:00
10648,929,0,0.0,2015-09-27 05:00:00
10649,929,4,3.0,2015-09-27 05:00:00
10650,929,205,10.0,2015-09-27 05:00:00
10651,929,206,0.0,2015-09-27 05:00:00
10652,929,2,10.0,2015-09-27 05:00:00
10653,929,5,27.0,2015-09-27 05:00:00
10654,929,129,43.0,2015-09-27 05:00:00
10655,929,9,8.0,2015-09-27 05:00:00
10656,930,203,0.0,2015-10-11 11:00:00
10657,930,206,0.0,2015-10-11 11:00:00
10658,930,4,1.0,2015-10-11 11:00:00
10659,930,0,2.0,2015-10-11 11:00:00
10660,930,205,6.0,2015-10-11 11:00:00
10661,930,14,8.0,2015-10-11 11:00:00
10662,930,8,10.0,2015-10-11 11:00:00
10663,930,9,15.0,2015-10-11 11:00:00
10664,930,5,22.0,2015-10-11 11:00:00
10665,930,129,25.0,2015-10-11 11:00:00
10666,930,2,12.0,2015-10-11 11:00:00
10667,931,206,0.0,2015-10-25 19:00:00
10668,931,2,0.0,2015-10-25 19:00:00
10669,931,8,1.0,2015-10-25 19:00:00
10670,931,14,2.0,2015-10-25 19:00:00
10671,931,205,4.0,2015-10-25 19:00:00
10672,931,0,8.0,2015-10-25 19:00:00
10673,931,4,18.0,2015-10-25 19:00:00
10674,931,5,15.0,2015-10-25 19:00:00
10675,931,129,43.0,2015-10-25 19:00:00
10676,931,9,10.0,2015-10-25 19:00:00
10677,932,5,0.0,2015-11-01 19:00:00
10678,932,203,0.0,2015-11-01 19:00:00
10679,932,0,0.0,2015-11-01 19:00:00
10680,932,14,0.0,2015-11-01 19:00:00
10681,932,205,1.0,2015-11-01 19:00:00
10682,932,4,2.0,2015-11-01 19:00:00
10683,932,9,10.0,2015-11-01 19:00:00
10684,932,8,22.0,2015-11-01 19:00:00
10685,932,2,23.0,2015-11-01 19:00:00
10686,932,129,43.0,2015-11-01 19:00:00
10687,932,206,0.0,2015-11-01 19:00:00
10688,933,206,0.0,2015-11-15 16:00:00
10689,933,0,0.0,2015-11-15 16:00:00
10690,933,14,0.0,2015-11-15 16:00:00
10691,933,4,2.0,2015-11-15 16:00:00
10692,933,205,5.0,2015-11-15 16:00:00
10693,933,9,8.0,2015-11-15 16:00:00
10694,933,2,10.0,2015-11-15 16:00:00
10695,933,5,27.0,2015-11-15 16:00:00
10696,933,129,43.0,2015-11-15 16:00:00
10697,933,8,6.0,2015-11-15 16:00:00
10698,934,2,4.0,2015-11-29 13:00:00
10699,934,14,0.0,2015-11-29 13:00:00
10700,934,0,0.0,2015-11-29 13:00:00
10701,934,4,0.0,2015-11-29 13:00:00
10702,934,205,2.0,2015-11-29 13:00:00
10703,934,9,16.0,2015-11-29 13:00:00
10704,934,203,0.0,2015-11-29 13:00:00
10705,934,5,27.0,2015-11-29 13:00:00
10706,934,129,43.0,2015-11-29 13:00:00
10707,934,8,9.0,2015-11-29 13:00:00
10708,934,206,0.0,2015-11-29 13:00:00
10709,935,3,0.0,2016-03-20 05:00:00
10710,935,4,3.0,2016-03-20 05:00:00
10711,935,14,0.0,2016-03-20 05:00:00
10712,935,0,0.0,2016-03-20 05:00:00
10713,935,9,6.0,2016-03-20 05:00:00
10714,935,206,0.0,2016-03-20 05:00:00
10715,935,2,14.0,2016-03-20 05:00:00
10716,935,8,12.0,2016-03-20 05:00:00
10717,935,5,15.0,2016-03-20 05:00:00
10718,935,129,43.0,2016-03-20 05:00:00
10719,935,207,8.0,2016-03-20 05:00:00
10720,936,9,0.0,2016-04-03 15:00:00
10721,936,206,0.0,2016-04-03 15:00:00
10722,936,14,0.0,2016-04-03 15:00:00
10723,936,3,0.0,2016-04-03 15:00:00
10724,936,0,1.0,2016-04-03 15:00:00
10725,936,2,6.0,2016-04-03 15:00:00
10726,936,4,8.0,2016-04-03 15:00:00
10727,936,207,10.0,2016-04-03 15:00:00
10728,936,8,18.0,2016-04-03 15:00:00
10729,936,5,18.0,2016-04-03 15:00:00
10730,936,129,40.0,2016-04-03 15:00:00
10731,937,206,0.0,2016-04-17 06:00:00
10732,937,14,0.0,2016-04-17 06:00:00
10733,937,207,0.0,2016-04-17 06:00:00
10734,937,0,0.0,2016-04-17 06:00:00
10735,937,9,0.0,2016-04-17 06:00:00
10736,937,3,0.0,2016-04-17 06:00:00
10737,937,2,9.0,2016-04-17 06:00:00
10738,937,8,27.0,2016-04-17 06:00:00
10739,937,5,28.0,2016-04-17 06:00:00
10740,937,129,31.0,2016-04-17 06:00:00
10741,937,4,6.0,2016-04-17 06:00:00
10742,938,206,0.0,2016-05-01 12:00:00
10743,938,4,0.0,2016-05-01 12:00:00
10744,938,8,0.0,2016-05-01 12:00:00
10745,938,9,2.0,2016-05-01 12:00:00
10746,938,207,4.0,2016-05-01 12:00:00
10747,938,14,0.0,2016-05-01 12:00:00
10748,938,0,9.0,2016-05-01 12:00:00
10749,938,2,22.0,2016-05-01 12:00:00
10750,938,5,15.0,2016-05-01 12:00:00
10751,938,129,43.0,2016-05-01 12:00:00
10752,938,3,6.0,2016-05-01 12:00:00
10753,939,129,0.0,2016-05-15 12:00:00
10754,939,206,0.0,2016-05-15 12:00:00
10755,939,3,0.0,2016-05-15 12:00:00
10756,939,14,0.0,2016-05-15 12:00:00
10757,939,207,0.0,2016-05-15 12:00:00
10758,939,0,2.0,2016-05-15 12:00:00
10759,939,9,6.0,2016-05-15 12:00:00
10760,939,2,14.0,2016-05-15 12:00:00
10761,939,5,33.0,2016-05-15 12:00:00
10762,939,8,37.0,2016-05-15 12:00:00
10763,939,4,9.0,2016-05-15 12:00:00
10764,940,207,0.0,2016-05-29 12:00:00
10765,940,3,0.0,2016-05-29 12:00:00
10766,940,14,0.0,2016-05-29 12:00:00
10767,940,206,0.0,2016-05-29 12:00:00
10768,940,2,1.0,2016-05-29 12:00:00
10769,940,4,4.0,2016-05-29 12:00:00
10770,940,0,12.0,2016-05-29 12:00:00
10771,940,5,12.0,2016-05-29 12:00:00
10772,940,9,23.0,2016-05-29 12:00:00
10773,940,8,18.0,2016-05-29 12:00:00
10774,940,129,31.0,2016-05-29 12:00:00
10775,941,206,0.0,2016-06-12 18:00:00
10776,941,3,0.0,2016-06-12 18:00:00
10777,941,14,0.0,2016-06-12 18:00:00
10778,941,207,0.0,2016-06-12 18:00:00
10779,941,0,0.0,2016-06-12 18:00:00
10780,941,4,2.0,2016-06-12 18:00:00
10781,941,9,5.0,2016-06-12 18:00:00
10782,941,8,18.0,2016-06-12 18:00:00
10783,941,2,15.0,2016-06-12 18:00:00
10784,941,5,26.0,2016-06-12 18:00:00
10785,941,129,35.0,2016-06-12 18:00:00
10786,942,4,0.0,2016-06-19 13:00:00
10787,942,206,0.0,2016-06-19 13:00:00
10788,942,3,0.0,2016-06-19 13:00:00
10789,942,207,0.0,2016-06-19 13:00:00
10790,942,14,0.0,2016-06-19 13:00:00
10791,942,8,10.0,2016-06-19 13:00:00
10792,942,9,17.0,2016-06-19 13:00:00
10793,942,2,9.0,2016-06-19 13:00:00
10794,942,5,30.0,2016-06-19 13:00:00
10795,942,129,35.0,2016-06-19 13:00:00
10796,942,0,0.0,2016-06-19 13:00:00
10797,943,14,0.0,2016-07-03 12:00:00
10798,943,129,37.0,2016-07-03 12:00:00
10799,943,8,28.0,2016-07-03 12:00:00
10800,943,5,15.0,2016-07-03 12:00:00
10801,943,0,8.0,2016-07-03 12:00:00
10802,943,207,6.0,2016-07-03 12:00:00
10803,943,4,4.0,2016-07-03 12:00:00
10804,943,2,2.0,2016-07-03 12:00:00
10805,943,206,1.0,2016-07-03 12:00:00
10806,943,3,0.0,2016-07-03 12:00:00
10807,943,9,0.0,2016-07-03 12:00:00
10808,944,207,0.0,2016-07-10 12:00:00
10809,944,3,0.0,2016-07-10 12:00:00
10810,944,206,0.0,2016-07-10 12:00:00
10811,944,0,0.0,2016-07-10 12:00:00
10812,944,2,0.0,2016-07-10 12:00:00
10813,944,14,0.0,2016-07-10 12:00:00
10814,944,9,14.0,2016-07-10 12:00:00
10815,944,5,12.0,2016-07-10 12:00:00
10816,944,4,5.0,2016-07-10 12:00:00
10817,944,8,30.0,2016-07-10 12:00:00
10818,944,129,40.0,2016-07-10 12:00:00
10819,945,206,0.0,2016-07-24 12:00:00
10820,945,14,0.0,2016-07-24 12:00:00
10821,945,207,0.0,2016-07-24 12:00:00
10822,945,3,0.0,2016-07-24 12:00:00
10823,945,9,1.0,2016-07-24 12:00:00
10824,945,2,2.0,2016-07-24 12:00:00
10825,945,4,4.0,2016-07-24 12:00:00
10826,945,0,6.0,2016-07-24 12:00:00
10827,945,5,20.0,2016-07-24 12:00:00
10828,945,8,25.0,2016-07-24 12:00:00
10829,945,129,43.0,2016-07-24 12:00:00
10830,946,206,0.0,2016-07-31 12:00:00
10831,946,3,0.0,2016-07-31 12:00:00
10832,946,14,0.0,2016-07-31 12:00:00
10833,946,207,0.0,2016-07-31 12:00:00
10834,946,2,2.0,2016-07-31 12:00:00
10835,946,4,0.0,2016-07-31 12:00:00
10836,946,9,7.0,2016-07-31 12:00:00
10837,946,5,18.0,2016-07-31 12:00:00
10838,946,8,33.0,2016-07-31 12:00:00
10839,946,129,37.0,2016-07-31 12:00:00
10840,946,0,4.0,2016-07-31 12:00:00
10841,947,14,0.0,2016-08-28 12:00:00
10842,947,206,0.0,2016-08-28 12:00:00
10843,947,3,0.0,2016-08-28 12:00:00
10844,947,207,0.0,2016-08-28 12:00:00
10845,947,2,5.0,2016-08-28 12:00:00
10846,947,4,0.0,2016-08-28 12:00:00
10847,947,5,10.0,2016-08-28 12:00:00
10848,947,9,22.0,2016-08-28 12:00:00
10849,947,8,18.0,2016-08-28 12:00:00
10850,947,129,40.0,2016-08-28 12:00:00
10851,947,0,6.0,2016-08-28 12:00:00
10852,948,14,0.0,2016-09-04 12:00:00
10853,948,4,0.0,2016-09-04 12:00:00
10854,948,0,0.0,2016-09-04 12:00:00
10855,948,207,0.0,2016-09-04 12:00:00
10856,948,9,5.0,2016-09-04 12:00:00
10857,948,8,16.0,2016-09-04 12:00:00
10858,948,5,27.0,2016-09-04 12:00:00
10859,948,129,43.0,2016-09-04 12:00:00
10860,948,3,0.0,2016-09-04 12:00:00
10861,948,2,10.0,2016-09-04 12:00:00
10862,948,206,0.0,2016-09-04 12:00:00
10863,949,207,0.0,2016-09-18 12:00:00
10864,949,3,1.0,2016-09-18 12:00:00
10865,949,206,0.0,2016-09-18 12:00:00
10866,949,2,0.0,2016-09-18 12:00:00
10867,949,4,2.0,2016-09-18 12:00:00
10868,949,14,0.0,2016-09-18 12:00:00
10869,949,0,6.0,2016-09-18 12:00:00
10870,949,5,22.0,2016-09-18 12:00:00
10871,949,8,26.0,2016-09-18 12:00:00
10872,949,129,40.0,2016-09-18 12:00:00
10873,949,9,4.0,2016-09-18 12:00:00
10874,950,207,0.0,2016-10-02 07:00:00
10875,950,206,0.0,2016-10-02 07:00:00
10876,950,14,0.0,2016-10-02 07:00:00
10877,950,4,0.0,2016-10-02 07:00:00
10878,950,3,1.0,2016-10-02 07:00:00
10879,950,0,8.0,2016-10-02 07:00:00
10880,950,9,12.0,2016-10-02 07:00:00
10881,950,2,10.0,2016-10-02 07:00:00
10882,950,5,12.0,2016-10-02 07:00:00
10883,950,129,15.0,2016-10-02 07:00:00
10884,950,8,43.0,2016-10-02 07:00:00
10885,951,0,0.0,2016-10-09 05:00:00
10886,951,14,0.0,2016-10-09 05:00:00
10887,951,4,0.0,2016-10-09 05:00:00
10888,951,3,0.0,2016-10-09 05:00:00
10889,951,207,0.0,2016-10-09 05:00:00
10890,951,206,0.0,2016-10-09 05:00:00
10891,951,9,10.0,2016-10-09 05:00:00
10892,951,5,22.0,2016-10-09 05:00:00
10893,951,8,26.0,2016-10-09 05:00:00
10894,951,129,40.0,2016-10-09 05:00:00
10895,951,2,3.0,2016-10-09 05:00:00
10896,952,14,0.0,2016-10-23 19:00:00
10897,952,3,0.0,2016-10-23 19:00:00
10898,952,207,1.0,2016-10-23 19:00:00
10899,952,9,4.0,2016-10-23 19:00:00
10900,952,2,6.0,2016-10-23 19:00:00
10901,952,206,0.0,2016-10-23 19:00:00
10902,952,0,12.0,2016-10-23 19:00:00
10903,952,5,12.0,2016-10-23 19:00:00
10904,952,8,15.0,2016-10-23 19:00:00
10905,952,129,43.0,2016-10-23 19:00:00
10906,952,4,8.0,2016-10-23 19:00:00
10907,953,206,0.0,2016-10-30 19:00:00
10908,953,207,0.0,2016-10-30 19:00:00
10909,953,4,0.0,2016-10-30 19:00:00
10910,953,3,0.0,2016-10-30 19:00:00
10911,953,0,0.0,2016-10-30 19:00:00
10912,953,14,0.0,2016-10-30 19:00:00
10913,953,2,6.0,2016-10-30 19:00:00
10914,953,8,27.0,2016-10-30 19:00:00
10915,953,5,18.0,2016-10-30 19:00:00
10916,953,129,43.0,2016-10-30 19:00:00
10917,953,9,7.0,2016-10-30 19:00:00
10918,954,207,0.0,2016-11-13 16:00:00
10919,954,0,1.0,2016-11-13 16:00:00
10920,954,3,0.0,2016-11-13 16:00:00
10921,954,206,0.0,2016-11-13 16:00:00
10922,954,2,0.0,2016-11-13 16:00:00
10923,954,14,2.0,2016-11-13 16:00:00
10924,954,9,18.0,2016-11-13 16:00:00
10925,954,5,10.0,2016-11-13 16:00:00
10926,954,8,19.0,2016-11-13 16:00:00
10927,954,129,43.0,2016-11-13 16:00:00
10928,954,4,8.0,2016-11-13 16:00:00
10929,955,4,0.0,2016-11-27 13:00:00
10930,955,3,0.0,2016-11-27 13:00:00
10931,955,14,0.0,2016-11-27 13:00:00
10932,955,206,0.0,2016-11-27 13:00:00
10933,955,207,0.0,2016-11-27 13:00:00
10934,955,0,1.0,2016-11-27 13:00:00
10935,955,2,2.0,2016-11-27 13:00:00
10936,955,9,10.0,2016-11-27 13:00:00
10937,955,8,22.0,2016-11-27 13:00:00
10938,955,5,23.0,2016-11-27 13:00:00
10939,955,129,43.0,2016-11-27 13:00:00
10940,956,207,0.0,2017-03-26 05:00:00
10941,956,14,0.0,2017-03-26 05:00:00
10942,956,3,0.0,2017-03-26 05:00:00
10943,956,4,6.0,2017-03-26 05:00:00
10944,956,9,7.0,2017-03-26 05:00:00
10945,956,0,0.0,2017-03-26 05:00:00
10946,956,8,10.0,2017-03-26 05:00:00
10947,956,129,33.0,2017-03-26 05:00:00
10948,956,5,37.0,2017-03-26 05:00:00
10949,956,2,8.0,2017-03-26 05:00:00
10950,957,14,0.0,2017-04-09 06:00:00
10951,957,2,0.0,2017-04-09 06:00:00
10952,957,3,0.0,2017-04-09 06:00:00
10953,957,9,3.0,2017-04-09 06:00:00
10954,957,207,4.0,2017-04-09 06:00:00
10955,957,0,0.0,2017-04-09 06:00:00
10956,957,8,27.0,2017-04-09 06:00:00
10957,957,5,28.0,2017-04-09 06:00:00
10958,957,129,33.0,2017-04-09 06:00:00
10959,957,4,6.0,2017-04-09 06:00:00
10960,958,0,0.0,2017-04-16 15:00:00
10961,958,4,0.0,2017-04-16 15:00:00
10962,958,14,0.0,2017-04-16 15:00:00
10963,958,3,2.0,2017-04-16 15:00:00
10964,958,207,4.0,2017-04-16 15:00:00
10965,958,9,7.0,2017-04-16 15:00:00
10966,958,8,10.0,2017-04-16 15:00:00
10967,958,129,33.0,2017-04-16 15:00:00
10968,958,5,37.0,2017-04-16 15:00:00
10969,958,2,8.0,2017-04-16 15:00:00
10970,959,0,0.0,2017-04-30 12:00:00
10971,959,4,1.0,2017-04-30 12:00:00
10972,959,14,0.0,2017-04-30 12:00:00
10973,959,207,0.0,2017-04-30 12:00:00
10974,959,2,2.0,2017-04-30 12:00:00
10975,959,129,37.0,2017-04-30 12:00:00
10976,959,9,14.0,2017-04-30 12:00:00
10977,959,5,33.0,2017-04-30 12:00:00
10978,959,3,4.0,2017-04-30 12:00:00
10979,959,8,10.0,2017-04-30 12:00:00
10980,960,129,25.0,2017-05-14 12:00:00
10981,960,5,18.0,2017-05-14 12:00:00
10982,960,8,15.0,2017-05-14 12:00:00
10983,960,9,22.0,2017-05-14 12:00:00
10984,960,3,8.0,2017-05-14 12:00:00
10985,960,4,8.0,2017-05-14 12:00:00
10986,960,14,4.0,2017-05-14 12:00:00
10987,960,207,1.0,2017-05-14 12:00:00
10988,960,0,0.0,2017-05-14 12:00:00
10989,960,2,0.0,2017-05-14 12:00:00
10990,961,14,0.0,2017-05-28 12:00:00
10991,961,0,0.0,2017-05-28 12:00:00
10992,961,9,0.0,2017-05-28 12:00:00
10993,961,3,0.0,2017-05-28 12:00:00
10994,961,2,2.0,2017-05-28 12:00:00
10995,961,5,43.0,2017-05-28 12:00:00
10996,961,4,8.0,2017-05-28 12:00:00
10997,961,129,18.0,2017-05-28 12:00:00
10998,961,8,25.0,2017-05-28 12:00:00
10999,961,207,5.0,2017-05-28 12:00:00
11000,962,207,1.0,2017-06-11 18:00:00
11001,962,0,0.0,2017-06-11 18:00:00
11002,962,14,0.0,2017-06-11 18:00:00
11003,962,4,0.0,2017-06-11 18:00:00
11004,962,2,2.0,2017-06-11 18:00:00
11005,962,8,15.0,2017-06-11 18:00:00
11006,962,9,18.0,2017-06-11 18:00:00
11007,962,5,18.0,2017-06-11 18:00:00
11008,962,129,43.0,2017-06-11 18:00:00
11009,962,3,4.0,2017-06-11 18:00:00
11010,963,3,0.0,2017-06-25 13:00:00
11011,963,14,1.0,2017-06-25 13:00:00
11012,963,0,2.0,2017-06-25 13:00:00
11013,963,4,4.0,2017-06-25 13:00:00
11014,963,207,6.0,2017-06-25 13:00:00
11015,963,9,8.0,2017-06-25 13:00:00
11016,963,2,15.0,2017-06-25 13:00:00
11017,963,129,28.0,2017-06-25 13:00:00
11018,963,8,25.0,2017-06-25 13:00:00
11019,963,5,12.0,2017-06-25 13:00:00
11020,964,14,0.0,2017-07-09 12:00:00
11021,964,9,10.0,2017-07-09 12:00:00
11022,964,0,0.0,2017-07-09 12:00:00
11023,964,3,0.0,2017-07-09 12:00:00
11024,964,2,3.0,2017-07-09 12:00:00
11025,964,4,0.0,2017-07-09 12:00:00
11026,964,207,8.0,2017-07-09 12:00:00
11027,964,5,28.0,2017-07-09 12:00:00
11028,964,129,37.0,2017-07-09 12:00:00
11029,964,8,15.0,2017-07-09 12:00:00
11030,965,4,0.0,2017-07-16 12:00:00
11031,965,14,0.0,2017-07-16 12:00:00
11032,965,207,0.0,2017-07-16 12:00:00
11033,965,0,0.0,2017-07-16 12:00:00
11034,965,2,1.0,2017-07-16 12:00:00
11035,965,9,6.0,2017-07-16 12:00:00
11036,965,3,8.0,2017-07-16 12:00:00
11037,965,8,22.0,2017-07-16 12:00:00
11038,965,5,21.0,2017-07-16 12:00:00
11039,965,129,43.0,2017-07-16 12:00:00
11040,966,207,0.0,2017-07-30 12:00:00
11041,966,14,0.0,2017-07-30 12:00:00
11042,966,3,0.0,2017-07-30 12:00:00
11043,966,9,6.0,2017-07-30 12:00:00
11044,966,4,6.0,2017-07-30 12:00:00
11045,966,2,0.0,2017-07-30 12:00:00
11046,966,8,10.0,2017-07-30 12:00:00
11047,966,129,27.0,2017-07-30 12:00:00
11048,966,5,43.0,2017-07-30 12:00:00
11049,966,0,9.0,2017-07-30 12:00:00
11050,967,14,0.0,2017-08-27 12:00:00
11051,967,4,1.0,2017-08-27 12:00:00
11052,967,9,2.0,2017-08-27 12:00:00
11053,967,2,4.0,2017-08-27 12:00:00
11054,967,207,6.0,2017-08-27 12:00:00
11055,967,0,0.0,2017-08-27 12:00:00
11056,967,8,15.0,2017-08-27 12:00:00
11057,967,5,30.0,2017-08-27 12:00:00
11058,967,129,35.0,2017-08-27 12:00:00
11059,967,3,8.0,2017-08-27 12:00:00
11060,968,0,0.0,2017-09-03 12:00:00
11061,968,14,0.0,2017-09-03 12:00:00
11062,968,3,0.0,2017-09-03 12:00:00
11063,968,4,0.0,2017-09-03 12:00:00
11064,968,207,0.0,2017-09-03 12:00:00
11065,968,2,10.0,2017-09-03 12:00:00
11066,968,9,10.0,2017-09-03 12:00:00
11067,968,5,25.0,2017-09-03 12:00:00
11068,968,129,43.0,2017-09-03 12:00:00
11069,968,8,13.0,2017-09-03 12:00:00
11070,969,5,0.0,2017-09-17 12:00:00
11071,969,0,6.0,2017-09-17 12:00:00
11072,969,14,0.0,2017-09-17 12:00:00
11073,969,207,2.0,2017-09-17 12:00:00
11074,969,3,8.0,2017-09-17 12:00:00
11075,969,2,4.0,2017-09-17 12:00:00
11076,969,4,12.0,2017-09-17 12:00:00
11077,969,8,18.0,2017-09-17 12:00:00
11078,969,129,40.0,2017-09-17 12:00:00
11079,969,9,11.0,2017-09-17 12:00:00
11080,970,14,0.0,2017-10-01 07:00:00
11081,970,3,0.0,2017-10-01 07:00:00
11082,970,4,0.0,2017-10-01 07:00:00
11083,970,207,0.0,2017-10-01 07:00:00
11084,970,2,6.0,2017-10-01 07:00:00
11085,970,0,6.0,2017-10-01 07:00:00
11086,970,9,9.0,2017-10-01 07:00:00
11087,970,5,12.0,2017-10-01 07:00:00
11088,970,129,28.0,2017-10-01 07:00:00
11089,970,8,40.0,2017-10-01 07:00:00
11090,971,3,0.0,2017-10-08 05:00:00
11091,971,14,0.0,2017-10-08 05:00:00
11092,971,0,0.0,2017-10-08 05:00:00
11093,971,2,1.0,2017-10-08 05:00:00
11094,971,207,6.0,2017-10-08 05:00:00
11095,971,4,0.0,2017-10-08 05:00:00
11096,971,5,10.0,2017-10-08 05:00:00
11097,971,8,33.0,2017-10-08 05:00:00
11098,971,129,37.0,2017-10-08 05:00:00
11099,971,9,14.0,2017-10-08 05:00:00
11100,972,14,0.0,2017-10-22 19:00:00
11101,972,0,0.0,2017-10-22 19:00:00
11102,972,4,1.0,2017-10-22 19:00:00
11103,972,2,2.0,2017-10-22 19:00:00
11104,972,3,6.0,2017-10-22 19:00:00
11105,972,207,0.0,2017-10-22 19:00:00
11106,972,8,12.0,2017-10-22 19:00:00
11107,972,5,33.0,2017-10-22 19:00:00
11108,972,129,35.0,2017-10-22 19:00:00
11109,972,9,12.0,2017-10-22 19:00:00
11110,973,3,0.0,2017-10-29 19:00:00
11111,973,14,0.0,2017-10-29 19:00:00
11112,973,4,0.0,2017-10-29 19:00:00
11113,973,0,1.0,2017-10-29 19:00:00
11114,973,207,4.0,2017-10-29 19:00:00
11115,973,2,8.0,2017-10-29 19:00:00
11116,973,9,16.0,2017-10-29 19:00:00
11117,973,129,20.0,2017-10-29 19:00:00
11118,973,8,25.0,2017-10-29 19:00:00
11119,973,5,27.0,2017-10-29 19:00:00
11120,974,14,0.0,2017-11-12 16:00:00
11121,974,9,2.0,2017-11-12 16:00:00
11122,974,207,0.0,2017-11-12 16:00:00
11123,974,4,0.0,2017-11-12 16:00:00
11124,974,3,1.0,2017-11-12 16:00:00
11125,974,0,4.0,2017-11-12 16:00:00
11126,974,2,6.0,2017-11-12 16:00:00
11127,974,8,18.0,2017-11-12 16:00:00
11128,974,129,30.0,2017-11-12 16:00:00
11129,974,5,40.0,2017-11-12 16:00:00
11130,975,4,0.0,2017-11-26 13:00:00
11131,975,14,0.0,2017-11-26 13:00:00
11132,975,207,0.0,2017-11-26 13:00:00
11133,975,2,1.0,2017-11-26 13:00:00
11134,975,0,2.0,2017-11-26 13:00:00
11135,975,9,10.0,2017-11-26 13:00:00
11136,975,3,8.0,2017-11-26 13:00:00
11137,975,8,10.0,2017-11-26 13:00:00
11138,975,5,27.0,2017-11-26 13:00:00
11139,975,129,43.0,2017-11-26 13:00:00
11140,976,2,0.0,2018-03-25 05:10:00
11141,976,4,0.0,2018-03-25 05:10:00
11142,976,14,0.0,2018-03-25 05:10:00
11143,976,9,0.0,2018-03-25 05:10:00
11144,976,3,7.0,2018-03-25 05:10:00
11145,976,207,0.0,2018-03-25 05:10:00
11146,976,8,20.0,2018-03-25 05:10:00
11147,976,129,22.0,2018-03-25 05:10:00
11148,976,5,40.0,2018-03-25 05:10:00
11149,976,0,12.0,2018-03-25 05:10:00
11150,977,8,0.0,2018-04-08 15:10:00
11151,977,9,1.0,2018-04-08 15:10:00
11152,977,14,2.0,2018-04-08 15:10:00
11153,977,0,10.0,2018-04-08 15:10:00
11154,977,3,8.0,2018-04-08 15:10:00
11155,977,2,0.0,2018-04-08 15:10:00
11156,977,4,12.0,2018-04-08 15:10:00
11157,977,129,33.0,2018-04-08 15:10:00
11158,977,5,25.0,2018-04-08 15:10:00
11159,977,207,10.0,2018-04-08 15:10:00
11160,978,4,0.0,2018-04-15 06:10:00
11161,978,14,0.0,2018-04-15 06:10:00
11162,978,2,0.0,2018-04-15 06:10:00
11163,978,9,0.0,2018-04-15 06:10:00
11164,978,207,1.0,2018-04-15 06:10:00
11165,978,0,6.0,2018-04-15 06:10:00
11166,978,3,10.0,2018-04-15 06:10:00
11167,978,129,30.0,2018-04-15 06:10:00
11168,978,8,35.0,2018-04-15 06:10:00
11169,978,5,19.0,2018-04-15 06:10:00
11170,979,8,0.0,2018-04-29 12:10:00
11171,979,207,0.0,2018-04-29 12:10:00
11172,979,0,8.0,2018-04-29 12:10:00
11173,979,4,1.0,2018-04-29 12:10:00
11174,979,2,4.0,2018-04-29 12:10:00
11175,979,14,8.0,2018-04-29 12:10:00
11176,979,3,10.0,2018-04-29 12:10:00
11177,979,9,15.0,2018-04-29 12:10:00
11178,979,5,30.0,2018-04-29 12:10:00
11179,979,129,25.0,2018-04-29 12:10:00
11180,980,4,0.0,2018-05-13 13:10:00
11181,980,2,0.0,2018-05-13 13:10:00
11182,980,14,1.0,2018-05-13 13:10:00
11183,980,9,2.0,2018-05-13 13:10:00
11184,980,0,4.0,2018-05-13 13:10:00
11185,980,3,6.0,2018-05-13 13:10:00
11186,980,207,8.0,2018-05-13 13:10:00
11187,980,5,12.0,2018-05-13 13:10:00
11188,980,8,25.0,2018-05-13 13:10:00
11189,980,129,43.0,2018-05-13 13:10:00
11190,981,207,0.0,2018-05-27 13:10:00
11191,981,0,0.0,2018-05-27 13:10:00
11192,981,14,0.0,2018-05-27 13:10:00
11193,981,3,5.0,2018-05-27 13:10:00
11194,981,4,6.0,2018-05-27 13:10:00
11195,981,2,0.0,2018-05-27 13:10:00
11196,981,129,25.0,2018-05-27 13:10:00
11197,981,5,30.0,2018-05-27 13:10:00
11198,981,8,27.0,2018-05-27 13:10:00
11199,981,9,8.0,2018-05-27 13:10:00
11200,982,2,0.0,2018-06-10 18:10:00
11201,982,207,0.0,2018-06-10 18:10:00
11202,982,4,0.0,2018-06-10 18:10:00
11203,982,14,1.0,2018-06-10 18:10:00
11204,982,9,2.0,2018-06-10 18:10:00
11205,982,0,0.0,2018-06-10 18:10:00
11206,982,8,27.0,2018-06-10 18:10:00
11207,982,129,28.0,2018-06-10 18:10:00
11208,982,5,33.0,2018-06-10 18:10:00
11209,982,3,10.0,2018-06-10 18:10:00
11210,983,9,0.0,2018-06-24 14:10:00
11211,983,2,0.0,2018-06-24 14:10:00
11212,983,4,0.0,2018-06-24 14:10:00
11213,983,0,0.0,2018-06-24 14:10:00
11214,983,14,1.0,2018-06-24 14:10:00
11215,983,3,6.0,2018-06-24 14:10:00
11216,983,207,8.0,2018-06-24 14:10:00
11217,983,8,30.0,2018-06-24 14:10:00
11218,983,129,31.0,2018-06-24 14:10:00
11219,983,5,25.0,2018-06-24 14:10:00
11220,984,2,0.0,2018-07-01 13:10:00
11221,984,129,0.0,2018-07-01 13:10:00
11222,984,14,3.0,2018-07-01 13:10:00
11223,984,3,0.0,2018-07-01 13:10:00
11224,984,4,0.0,2018-07-01 13:10:00
11225,984,0,4.0,2018-07-01 13:10:00
11226,984,9,14.0,2018-07-01 13:10:00
11227,984,207,22.0,2018-07-01 13:10:00
11228,984,5,33.0,2018-07-01 13:10:00
11229,984,8,25.0,2018-07-01 13:10:00
11230,985,14,0.0,2018-07-08 13:10:00
11231,985,4,0.0,2018-07-08 13:10:00
11232,985,2,0.0,2018-07-08 13:10:00
11233,985,207,2.0,2018-07-08 13:10:00
11234,985,0,4.0,2018-07-08 13:10:00
11235,985,9,7.0,2018-07-08 13:10:00
11236,985,3,8.0,2018-07-08 13:10:00
11237,985,8,10.0,2018-07-08 13:10:00
11238,985,129,30.0,2018-07-08 13:10:00
11239,985,5,40.0,2018-07-08 13:10:00
11240,986,4,1.0,2018-07-22 13:10:00
11241,986,2,0.0,2018-07-22 13:10:00
11242,986,14,2.0,2018-07-22 13:10:00
11243,986,9,10.0,2018-07-22 13:10:00
11244,986,207,8.0,2018-07-22 13:10:00
11245,986,0,0.0,2018-07-22 13:10:00
11246,986,8,12.0,2018-07-22 13:10:00
11247,986,5,15.0,2018-07-22 13:10:00
11248,986,129,43.0,2018-07-22 13:10:00
11249,986,3,10.0,2018-07-22 13:10:00
11250,987,2,0.0,2018-07-29 13:10:00
11251,987,9,0.0,2018-07-29 13:10:00
11252,987,3,2.0,2018-07-29 13:10:00
11253,987,0,4.0,2018-07-29 13:10:00
11254,987,207,7.0,2018-07-29 13:10:00
11255,987,14,0.0,2018-07-29 13:10:00
11256,987,8,12.0,2018-07-29 13:10:00
11257,987,5,33.0,2018-07-29 13:10:00
11258,987,129,35.0,2018-07-29 13:10:00
11259,987,4,8.0,2018-07-29 13:10:00
11260,988,0,0.0,2018-08-26 13:10:00
11261,988,2,0.0,2018-08-26 13:10:00
11262,988,3,0.0,2018-08-26 13:10:00
11263,988,14,1.0,2018-08-26 13:10:00
11264,988,4,2.0,2018-08-26 13:10:00
11265,988,207,10.0,2018-08-26 13:10:00
11266,988,9,18.0,2018-08-26 13:10:00
11267,988,129,30.0,2018-08-26 13:10:00
11268,988,5,25.0,2018-08-26 13:10:00
11269,988,8,15.0,2018-08-26 13:10:00
11270,989,14,0.0,2018-09-02 13:10:00
11271,989,3,4.0,2018-09-02 13:10:00
11272,989,4,0.0,2018-09-02 13:10:00
11273,989,2,3.0,2018-09-02 13:10:00
11274,989,9,14.0,2018-09-02 13:10:00
11275,989,0,0.0,2018-09-02 13:10:00
11276,989,8,10.0,2018-09-02 13:10:00
11277,989,5,30.0,2018-09-02 13:10:00
11278,989,129,40.0,2018-09-02 13:10:00
11279,989,207,0.0,2018-09-02 13:10:00
11280,990,9,0.0,2018-09-16 12:10:00
11281,990,2,0.0,2018-09-16 12:10:00
11282,990,4,0.0,2018-09-16 12:10:00
11283,990,14,2.0,2018-09-16 12:10:00
11284,990,3,5.0,2018-09-16 12:10:00
11285,990,207,0.0,2018-09-16 12:10:00
11286,990,5,25.0,2018-09-16 12:10:00
11287,990,8,26.0,2018-09-16 12:10:00
11288,990,129,37.0,2018-09-16 12:10:00
11289,990,0,6.0,2018-09-16 12:10:00
11290,991,4,0.0,2018-09-30 11:10:00
11291,991,2,0.0,2018-09-30 11:10:00
11292,991,0,0.0,2018-09-30 11:10:00
11293,991,3,0.0,2018-09-30 11:10:00
11294,991,9,3.0,2018-09-30 11:10:00
11295,991,207,4.0,2018-09-30 11:10:00
11296,991,14,6.0,2018-09-30 11:10:00
11297,991,5,27.0,2018-09-30 11:10:00
11298,991,129,43.0,2018-09-30 11:10:00
11299,991,8,18.0,2018-09-30 11:10:00
11300,992,2,0.0,2018-10-07 05:10:00
11301,992,3,1.0,2018-10-07 05:10:00
11302,992,0,0.0,2018-10-07 05:10:00
11303,992,14,0.0,2018-10-07 05:10:00
11304,992,4,0.0,2018-10-07 05:10:00
11305,992,207,4.0,2018-10-07 05:10:00
11306,992,9,8.0,2018-10-07 05:10:00
11307,992,5,18.0,2018-10-07 05:10:00
11308,992,8,27.0,2018-10-07 05:10:00
11309,992,129,43.0,2018-10-07 05:10:00
11310,993,2,0.0,2018-10-21 18:10:00
11311,993,14,1.0,2018-10-21 18:10:00
11312,993,4,2.0,2018-10-21 18:10:00
11313,993,207,0.0,2018-10-21 18:10:00
11314,993,9,4.0,2018-10-21 18:10:00
11315,993,0,0.0,2018-10-21 18:10:00
11316,993,129,25.0,2018-10-21 18:10:00
11317,993,8,18.0,2018-10-21 18:10:00
11318,993,5,37.0,2018-10-21 18:10:00
11319,993,3,14.0,2018-10-21 18:10:00
11320,994,207,0.0,2018-10-28 19:10:00
11321,994,2,0.0,2018-10-28 19:10:00
11322,994,9,0.0,2018-10-28 19:10:00
11323,994,4,1.0,2018-10-28 19:10:00
11324,994,0,4.0,2018-10-28 19:10:00
11325,994,3,8.0,2018-10-28 19:10:00
11326,994,129,22.0,2018-10-28 19:10:00
11327,994,5,33.0,2018-10-28 19:10:00
11328,994,8,25.0,2018-10-28 19:10:00
11329,994,14,8.0,2018-10-28 19:10:00
11330,995,4,0.0,2018-11-11 17:10:00
11331,995,2,0.0,2018-11-11 17:10:00
11332,995,0,0.0,2018-11-11 17:10:00
11333,995,3,0.0,2018-11-11 17:10:00
11334,995,9,1.0,2018-11-11 17:10:00
11335,995,129,35.0,2018-11-11 17:10:00
11336,995,14,6.0,2018-11-11 17:10:00
11337,995,5,23.0,2018-11-11 17:10:00
11338,995,8,30.0,2018-11-11 17:10:00
11339,995,207,6.0,2018-11-11 17:10:00
11340,996,2,0.0,2018-11-25 13:10:00
11341,996,4,0.0,2018-11-25 13:10:00
11342,996,0,0.0,2018-11-25 13:10:00
11343,996,207,3.0,2018-11-25 13:10:00
11344,996,9,4.0,2018-11-25 13:10:00
11345,996,3,8.0,2018-11-25 13:10:00
11346,996,8,27.0,2018-11-25 13:10:00
11347,996,5,18.0,2018-11-25 13:10:00
11348,996,129,35.0,2018-11-25 13:10:00
11349,996,14,6.0,2018-11-25 13:10:00
11350,997,208,2.0,2019-03-17 05:10:00
11351,997,2,0.0,2019-03-17 05:10:00
11352,997,0,0.0,2019-03-17 05:10:00
11353,997,4,1.0,2019-03-17 05:10:00
11354,997,49,4.0,2019-03-17 05:10:00
11355,997,129,44.0,2019-03-17 05:10:00
11356,997,207,8.0,2019-03-17 05:10:00
11357,997,5,22.0,2019-03-17 05:10:00
11358,997,8,15.0,2019-03-17 05:10:00
11359,997,3,6.0,2019-03-17 05:10:00
11360,998,207,0.0,2019-03-31 15:10:00
11361,998,4,2.0,2019-03-31 15:10:00
11362,998,3,0.0,2019-03-31 15:10:00
11363,998,2,0.0,2019-03-31 15:10:00
11364,998,208,1.0,2019-03-31 15:10:00
11365,998,129,43.0,2019-03-31 15:10:00
11366,998,0,8.0,2019-03-31 15:10:00
11367,998,8,16.0,2019-03-31 15:10:00
11368,998,5,26.0,2019-03-31 15:10:00
11369,998,49,6.0,2019-03-31 15:10:00
11370,999,2,0.0,2019-04-14 06:10:00
11371,999,0,0.0,2019-04-14 06:10:00
11372,999,207,0.0,2019-04-14 06:10:00
11373,999,4,1.0,2019-04-14 06:10:00
11374,999,49,2.0,2019-04-14 06:10:00
11375,999,3,6.0,2019-04-14 06:10:00
11376,999,8,21.0,2019-04-14 06:10:00
11377,999,5,25.0,2019-04-14 06:10:00
11378,999,129,43.0,2019-04-14 06:10:00
11379,999,208,4.0,2019-04-14 06:10:00
11380,1000,4,0.0,2019-04-28 12:10:00
11381,1000,2,0.0,2019-04-28 12:10:00
11382,1000,3,0.0,2019-04-28 12:10:00
11383,1000,207,0.0,2019-04-28 12:10:00
11384,1000,49,1.0,2019-04-28 12:10:00
11385,1000,129,43.0,2019-04-28 12:10:00
11386,1000,208,10.0,2019-04-28 12:10:00
11387,1000,5,26.0,2019-04-28 12:10:00
11388,1000,0,10.0,2019-04-28 12:10:00
11389,1000,8,12.0,2019-04-28 12:10:00
11390,1001,129,44.0,2019-05-12 13:10:00
11391,1001,8,23.0,2019-05-12 13:10:00
11392,1001,5,22.0,2019-05-12 13:10:00
11393,1001,207,7.0,2019-05-12 13:10:00
11394,1001,0,4.0,2019-05-12 13:10:00
11395,1001,4,2.0,2019-05-12 13:10:00
11396,1001,3,0.0,2019-05-12 13:10:00
11397,1001,49,0.0,2019-05-12 13:10:00
11398,1001,208,0.0,2019-05-12 13:10:00
11399,1001,2,0.0,2019-05-12 13:10:00
11400,1002,49,0.0,2019-05-26 13:10:00
11401,1002,2,0.0,2019-05-26 13:10:00
11402,1002,208,0.0,2019-05-26 13:10:00
11403,1002,207,1.0,2019-05-26 13:10:00
11404,1002,3,2.0,2019-05-26 13:10:00
11405,1002,5,18.0,2019-05-26 13:10:00
11406,1002,0,8.0,2019-05-26 13:10:00
11407,1002,8,23.0,2019-05-26 13:10:00
11408,1002,129,40.0,2019-05-26 13:10:00
11409,1002,4,10.0,2019-05-26 13:10:00
11410,1003,0,0.0,2019-06-09 18:10:00
11411,1003,2,0.0,2019-06-09 18:10:00
11412,1003,207,0.0,2019-06-09 18:10:00
11413,1003,49,0.0,2019-06-09 18:10:00
11414,1003,4,1.0,2019-06-09 18:10:00
11415,1003,5,33.0,2019-06-09 18:10:00
11416,1003,3,14.0,2019-06-09 18:10:00
11417,1003,8,14.0,2019-06-09 18:10:00
11418,1003,129,38.0,2019-06-09 18:10:00
11419,1003,208,2.0,2019-06-09 18:10:00
11420,1004,2,0.0,2019-06-23 13:10:00
11421,1004,207,0.0,2019-06-23 13:10:00
11422,1004,4,0.0,2019-06-23 13:10:00
11423,1004,208,0.0,2019-06-23 13:10:00
11424,1004,49,6.0,2019-06-23 13:10:00
11425,1004,3,4.0,2019-06-23 13:10:00
11426,1004,8,13.0,2019-06-23 13:10:00
11427,1004,5,26.0,2019-06-23 13:10:00
11428,1004,129,43.0,2019-06-23 13:10:00
11429,1004,0,10.0,2019-06-23 13:10:00
11430,1005,3,0.0,2019-06-30 13:10:00
11431,1005,207,0.0,2019-06-30 13:10:00
11432,1005,4,0.0,2019-06-30 13:10:00
11433,1005,2,0.0,2019-06-30 13:10:00
11434,1005,208,0.0,2019-06-30 13:10:00
11435,1005,0,12.0,2019-06-30 13:10:00
11436,1005,129,25.0,2019-06-30 13:10:00
11437,1005,5,30.0,2019-06-30 13:10:00
11438,1005,8,32.0,2019-06-30 13:10:00
11439,1005,49,3.0,2019-06-30 13:10:00
11440,1006,207,0.0,2019-07-14 13:10:00
11441,1006,2,0.0,2019-07-14 13:10:00
11442,1006,208,0.0,2019-07-14 13:10:00
11443,1006,4,2.0,2019-07-14 13:10:00
11444,1006,49,4.0,2019-07-14 13:10:00
11445,1006,3,7.0,2019-07-14 13:10:00
11446,1006,0,8.0,2019-07-14 13:10:00
11447,1006,8,22.0,2019-07-14 13:10:00
11448,1006,5,15.0,2019-07-14 13:10:00
11449,1006,129,44.0,2019-07-14 13:10:00
11450,1007,2,1.0,2019-07-28 13:10:00
11451,1007,129,2.0,2019-07-28 13:10:00
11452,1007,207,10.0,2019-07-28 13:10:00
11453,1007,49,0.0,2019-07-28 13:10:00
11454,1007,3,0.0,2019-07-28 13:10:00
11455,1007,208,12.0,2019-07-28 13:10:00
11456,1007,4,23.0,2019-07-28 13:10:00
11457,1007,5,18.0,2019-07-28 13:10:00
11458,1007,8,26.0,2019-07-28 13:10:00
11459,1007,0,10.0,2019-07-28 13:10:00
11460,1008,207,0.0,2019-08-04 13:10:00
11461,1008,3,0.0,2019-08-04 13:10:00
11462,1008,208,0.0,2019-08-04 13:10:00
11463,1008,4,1.0,2019-08-04 13:10:00
11464,1008,2,0.0,2019-08-04 13:10:00
11465,1008,0,12.0,2019-08-04 13:10:00
11466,1008,5,27.0,2019-08-04 13:10:00
11467,1008,8,27.0,2019-08-04 13:10:00
11468,1008,129,29.0,2019-08-04 13:10:00
11469,1008,49,6.0,2019-08-04 13:10:00
11470,1009,49,0.0,2019-09-01 13:10:00
11471,1009,2,0.0,2019-09-01 13:10:00
11472,1009,207,0.0,2019-09-01 13:10:00
11473,1009,0,0.0,2019-09-01 13:10:00
11474,1009,3,4.0,2019-09-01 13:10:00
11475,1009,4,8.0,2019-09-01 13:10:00
11476,1009,8,10.0,2019-09-01 13:10:00
11477,1009,129,33.0,2019-09-01 13:10:00
11478,1009,5,38.0,2019-09-01 13:10:00
11479,1009,208,9.0,2019-09-01 13:10:00
11480,1010,0,1.0,2019-09-08 13:10:00
11481,1010,2,0.0,2019-09-08 13:10:00
11482,1010,207,0.0,2019-09-08 13:10:00
11483,1010,4,0.0,2019-09-08 13:10:00
11484,1010,49,2.0,2019-09-08 13:10:00
11485,1010,129,34.0,2019-09-08 13:10:00
11486,1010,8,12.0,2019-09-08 13:10:00
11487,1010,3,22.0,2019-09-08 13:10:00
11488,1010,5,25.0,2019-09-08 13:10:00
11489,1010,208,6.0,2019-09-08 13:10:00
11490,1011,2,0.0,2019-09-22 12:10:00
11491,1011,208,0.0,2019-09-22 12:10:00
11492,1011,207,0.0,2019-09-22 12:10:00
11493,1011,49,1.0,2019-09-22 12:10:00
11494,1011,3,2.0,2019-09-22 12:10:00
11495,1011,0,6.0,2019-09-22 12:10:00
11496,1011,129,22.0,2019-09-22 12:10:00
11497,1011,8,23.0,2019-09-22 12:10:00
11498,1011,5,43.0,2019-09-22 12:10:00
11499,1011,4,4.0,2019-09-22 12:10:00
11500,1012,3,1.0,2019-09-29 11:10:00
11501,1012,2,0.0,2019-09-29 11:10:00
11502,1012,49,0.0,2019-09-29 11:10:00
11503,1012,4,0.0,2019-09-29 11:10:00
11504,1012,207,2.0,2019-09-29 11:10:00
11505,1012,129,44.0,2019-09-29 11:10:00
11506,1012,0,12.0,2019-09-29 11:10:00
11507,1012,8,22.0,2019-09-29 11:10:00
11508,1012,5,15.0,2019-09-29 11:10:00
11509,1012,208,6.0,2019-09-29 11:10:00
11510,1013,208,6.0,2019-10-13 05:10:00
11511,1013,2,0.0,2019-10-13 05:10:00
11512,1013,207,0.0,2019-10-13 05:10:00
11513,1013,49,0.0,2019-10-13 05:10:00
11514,1013,4,7.0,2019-10-13 05:10:00
11515,1013,129,41.0,2019-10-13 05:10:00
11516,1013,0,10.0,2019-10-13 05:10:00
11517,1013,8,12.0,2019-10-13 05:10:00
11518,1013,5,26.0,2019-10-13 05:10:00
11519,1013,3,0.0,2019-10-13 05:10:00
11520,1014,2,0.0,2019-10-27 19:10:00
11521,1014,207,0.0,2019-10-27 19:10:00
11522,1014,49,0.0,2019-10-27 19:10:00
11523,1014,0,0.0,2019-10-27 19:10:00
11524,1014,4,2.0,2019-10-27 19:10:00
11525,1014,208,6.0,2019-10-27 19:10:00
11526,1014,8,18.0,2019-10-27 19:10:00
11527,1014,5,31.0,2019-10-27 19:10:00
11528,1014,129,40.0,2019-10-27 19:10:00
11529,1014,3,5.0,2019-10-27 19:10:00
11530,1015,49,0.0,2019-11-03 19:10:00
11531,1015,2,0.0,2019-11-03 19:10:00
11532,1015,207,0.0,2019-11-03 19:10:00
11533,1015,4,0.0,2019-11-03 19:10:00
11534,1015,208,1.0,2019-11-03 19:10:00
11535,1015,0,10.0,2019-11-03 19:10:00
11536,1015,3,10.0,2019-11-03 19:10:00
11537,1015,5,13.0,2019-11-03 19:10:00
11538,1015,8,25.0,2019-11-03 19:10:00
11539,1015,129,43.0,2019-11-03 19:10:00
11540,1016,5,0.0,2019-11-17 17:10:00
11541,1016,2,0.0,2019-11-17 17:10:00
11542,1016,207,0.0,2019-11-17 17:10:00
11543,1016,208,2.0,2019-11-17 17:10:00
11544,1016,129,6.0,2019-11-17 17:10:00
11545,1016,3,8.0,2019-11-17 17:10:00
11546,1016,49,22.0,2019-11-17 17:10:00
11547,1016,0,19.0,2019-11-17 17:10:00
11548,1016,4,19.0,2019-11-17 17:10:00
11549,1016,8,25.0,2019-11-17 17:10:00
11550,1017,207,0.0,2019-12-01 13:10:00
11551,1017,49,0.0,2019-12-01 13:10:00
11552,1017,3,0.0,2019-12-01 13:10:00
11553,1017,4,2.0,2019-12-01 13:10:00
11554,1017,2,0.0,2019-12-01 13:10:00
11555,1017,208,6.0,2019-12-01 13:10:00
11556,1017,5,25.0,2019-12-01 13:10:00
11557,1017,8,26.0,2019-12-01 13:10:00
11558,1017,129,38.0,2019-12-01 13:10:00
11559,1017,0,5.0,2019-12-01 13:10:00
11560,1018,8,0.0,2020-07-05 13:10:00
11561,1018,2,0.0,2020-07-05 13:10:00
11562,1018,49,2.0,2020-07-05 13:10:00
11563,1018,3,4.0,2020-07-05 13:10:00
11564,1018,207,0.0,2020-07-05 13:10:00
11565,1018,208,8.0,2020-07-05 13:10:00
11566,1018,0,26.0,2020-07-05 13:10:00
11567,1018,5,19.0,2020-07-05 13:10:00
11568,1018,129,37.0,2020-07-05 13:10:00
11569,1018,209,6.0,2020-07-05 13:10:00
11570,1019,5,0.0,2020-07-12 13:10:00
11571,1019,2,0.0,2020-07-12 13:10:00
11572,1019,207,0.0,2020-07-12 13:10:00
11573,1019,49,0.0,2020-07-12 13:10:00
11574,1019,209,1.0,2020-07-12 13:10:00
11575,1019,3,4.0,2020-07-12 13:10:00
11576,1019,0,13.0,2020-07-12 13:10:00
11577,1019,8,27.0,2020-07-12 13:10:00
11578,1019,129,43.0,2020-07-12 13:10:00
11579,1019,208,14.0,2020-07-12 13:10:00
11580,1020,209,0.0,2020-07-19 13:10:00
11581,1020,2,0.0,2020-07-19 13:10:00
11582,1020,49,0.0,2020-07-19 13:10:00
11583,1020,0,2.0,2020-07-19 13:10:00
11584,1020,207,1.0,2020-07-19 13:10:00
11585,1020,3,4.0,2020-07-19 13:10:00
11586,1020,5,8.0,2020-07-19 13:10:00
11587,1020,208,18.0,2020-07-19 13:10:00
11588,1020,8,28.0,2020-07-19 13:10:00
11589,1020,129,41.0,2020-07-19 13:10:00
11590,1021,207,0.0,2020-08-02 13:10:00
11591,1021,49,0.0,2020-08-02 13:10:00
11592,1021,2,0.0,2020-08-02 13:10:00
11593,1021,208,2.0,2020-08-02 13:10:00
11594,1021,209,6.0,2020-08-02 13:10:00
11595,1021,0,10.0,2020-08-02 13:10:00
11596,1021,3,20.0,2020-08-02 13:10:00
11597,1021,5,16.0,2020-08-02 13:10:00
11598,1021,8,23.0,2020-08-02 13:10:00
11599,1021,129,25.0,2020-08-02 13:10:00
11600,1022,207,0.0,2020-08-09 13:10:00
11601,1022,49,0.0,2020-08-09 13:10:00
11602,1022,209,1.0,2020-08-09 13:10:00
11603,1022,0,2.0,2020-08-09 13:10:00
11604,1022,2,0.0,2020-08-09 13:10:00
11605,1022,208,14.0,2020-08-09 13:10:00
11606,1022,5,12.0,2020-08-09 13:10:00
11607,1022,129,34.0,2020-08-09 13:10:00
11608,1022,8,35.0,2020-08-09 13:10:00
11609,1022,3,4.0,2020-08-09 13:10:00
11610,1023,207,0.0,2020-08-16 13:10:00
11611,1023,49,0.0,2020-08-16 13:10:00
11612,1023,3,0.0,2020-08-16 13:10:00
11613,1023,209,2.0,2020-08-16 13:10:00
11614,1023,2,0.0,2020-08-16 13:10:00
11615,1023,0,9.0,2020-08-16 13:10:00
11616,1023,208,22.0,2020-08-16 13:10:00
11617,1023,8,22.0,2020-08-16 13:10:00
11618,1023,129,41.0,2020-08-16 13:10:00
11619,1023,5,6.0,2020-08-16 13:10:00
11620,1024,2,0.0,2020-08-30 13:10:00
11621,1024,207,0.0,2020-08-30 13:10:00
11622,1024,5,0.0,2020-08-30 13:10:00
11623,1024,49,0.0,2020-08-30 13:10:00
11624,1024,208,3.0,2020-08-30 13:10:00
11625,1024,209,4.0,2020-08-30 13:10:00
11626,1024,3,23.0,2020-08-30 13:10:00
11627,1024,8,23.0,2020-08-30 13:10:00
11628,1024,129,43.0,2020-08-30 13:10:00
11629,1024,0,6.0,2020-08-30 13:10:00
11630,1025,207,0.0,2020-09-06 13:10:00
11631,1025,5,0.0,2020-09-06 13:10:00
11632,1025,8,0.0,2020-09-06 13:10:00
11633,1025,49,0.0,2020-09-06 13:10:00
11634,1025,3,12.0,2020-09-06 13:10:00
11635,1025,208,16.0,2020-09-06 13:10:00
11636,1025,129,17.0,2020-09-06 13:10:00
11637,1025,2,0.0,2020-09-06 13:10:00
11638,1025,0,30.0,2020-09-06 13:10:00
11639,1025,209,27.0,2020-09-06 13:10:00
11640,1026,207,0.0,2020-09-13 13:10:00
11641,1026,2,0.0,2020-09-13 13:10:00
11642,1026,49,2.0,2020-09-13 13:10:00
11643,1026,5,5.0,2020-09-13 13:10:00
11644,1026,209,6.0,2020-09-13 13:10:00
11645,1026,0,8.0,2020-09-13 13:10:00
11646,1026,208,10.0,2020-09-13 13:10:00
11647,1026,3,12.0,2020-09-13 13:10:00
11648,1026,8,15.0,2020-09-13 13:10:00
11649,1026,129,44.0,2020-09-13 13:10:00
11650,1027,2,0.0,2020-09-27 11:10:00
11651,1027,207,0.0,2020-09-27 11:10:00
11652,1027,49,0.0,2020-09-27 11:10:00
11653,1027,209,6.0,2020-09-27 11:10:00
11654,1027,0,0.0,2020-09-27 11:10:00
11655,1027,3,16.0,2020-09-27 11:10:00
11656,1027,208,12.0,2020-09-27 11:10:00
11657,1027,8,19.0,2020-09-27 11:10:00
11658,1027,129,41.0,2020-09-27 11:10:00
11659,1027,5,8.0,2020-09-27 11:10:00
11660,1028,2,0.0,2020-10-11 13:10:00
11661,1028,49,1.0,2020-10-11 13:10:00
11662,1028,5,6.0,2020-10-11 13:10:00
11663,1028,209,8.0,2020-10-11 13:10:00
11664,1028,207,2.0,2020-10-11 13:10:00
11665,1028,208,16.0,2020-10-11 13:10:00
11666,1028,3,15.0,2020-10-11 13:10:00
11667,1028,8,19.0,2020-10-11 13:10:00
11668,1028,129,25.0,2020-10-11 13:10:00
11669,1028,0,10.0,2020-10-11 13:10:00
11670,1029,207,0.0,2020-10-25 12:10:00
11671,1029,129,44.0,2020-10-25 12:10:00
11672,1029,8,15.0,2020-10-25 12:10:00
11673,1029,5,13.0,2020-10-25 12:10:00
11674,1029,209,10.0,2020-10-25 12:10:00
11675,1029,0,8.0,2020-10-25 12:10:00
11676,1029,208,6.0,2020-10-25 12:10:00
11677,1029,3,6.0,2020-10-25 12:10:00
11678,1029,49,0.0,2020-10-25 12:10:00
11679,1029,2,0.0,2020-10-25 12:10:00
11680,1030,2,0.0,2020-11-01 12:10:00
11681,1030,49,3.0,2020-11-01 12:10:00
11682,1030,8,0.0,2020-11-01 12:10:00
11683,1030,207,0.0,2020-11-01 12:10:00
11684,1030,0,10.0,2020-11-01 12:10:00
11685,1030,208,8.0,2020-11-01 12:10:00
11686,1030,5,10.0,2020-11-01 12:10:00
11687,1030,209,12.0,2020-11-01 12:10:00
11688,1030,3,15.0,2020-11-01 12:10:00
11689,1030,129,44.0,2020-11-01 12:10:00
11690,1031,207,0.0,2020-11-15 10:10:00
11691,1031,2,0.0,2020-11-15 10:10:00
11692,1031,49,0.0,2020-11-15 10:10:00
11693,1031,209,0.0,2020-11-15 10:10:00
11694,1031,3,1.0,2020-11-15 10:10:00
11695,1031,8,14.0,2020-11-15 10:10:00
11696,1031,0,15.0,2020-11-15 10:10:00
11697,1031,5,27.0,2020-11-15 10:10:00
11698,1031,208,20.0,2020-11-15 10:10:00
11699,1031,129,25.0,2020-11-15 10:10:00
11700,1032,207,0.0,2020-11-29 14:10:00
11701,1032,49,0.0,2020-11-29 14:10:00
11702,1032,2,0.0,2020-11-29 14:10:00
11703,1032,5,1.0,2020-11-29 14:10:00
11704,1032,208,0.0,2020-11-29 14:10:00
11705,1032,209,8.0,2020-11-29 14:10:00
11706,1032,0,22.0,2020-11-29 14:10:00
11707,1032,8,34.0,2020-11-29 14:10:00
11708,1032,129,29.0,2020-11-29 14:10:00
11709,1032,3,8.0,2020-11-29 14:10:00
11710,1033,207,0.0,2020-12-06 17:10:00
11711,1033,49,0.0,2020-12-06 17:10:00
11712,1033,5,0.0,2020-12-06 17:10:00
11713,1033,129,7.0,2020-12-06 17:10:00
11714,1033,2,0.0,2020-12-06 17:10:00
11715,1033,8,8.0,2020-12-06 17:10:00
11716,1033,0,13.0,2020-12-06 17:10:00
11717,1033,3,28.0,2020-12-06 17:10:00
11718,1033,208,40.0,2020-12-06 17:10:00
11719,1033,209,6.0,2020-12-06 17:10:00
11720,1034,207,0.0,2020-12-13 13:10:00
11721,1034,2,0.0,2020-12-13 13:10:00
11722,1034,5,0.0,2020-12-13 13:10:00
11723,1034,49,0.0,2020-12-13 13:10:00
11724,1034,208,1.0,2020-12-13 13:10:00
11725,1034,209,4.0,2020-12-13 13:10:00
11726,1034,0,18.0,2020-12-13 13:10:00
11727,1034,129,33.0,2020-12-13 13:10:00
11728,1034,8,37.0,2020-12-13 13:10:00
11729,1034,3,9.0,2020-12-13 13:10:00
11730,1035,210,0.0,2021-03-28 15:00:00
11731,1035,207,0.0,2021-03-28 15:00:00
11732,1035,2,0.0,2021-03-28 15:00:00
11733,1035,49,0.0,2021-03-28 15:00:00
11734,1035,115,1.0,2021-03-28 15:00:00
11735,1035,5,12.0,2021-03-28 15:00:00
11736,1035,0,18.0,2021-03-28 15:00:00
11737,1035,8,28.0,2021-03-28 15:00:00
11738,1035,129,41.0,2021-03-28 15:00:00
11739,1035,209,2.0,2021-03-28 15:00:00
11740,1036,115,4.0,2021-04-18 13:00:00
11741,1036,8,25.0,2021-04-18 13:00:00
11742,1036,129,19.0,2021-04-18 13:00:00
11743,1036,0,23.0,2021-04-18 13:00:00
11744,1036,5,22.0,2021-04-18 13:00:00
11745,1036,209,6.0,2021-04-18 13:00:00
11746,1036,49,0.0,2021-04-18 13:00:00
11747,1036,210,3.0,2021-04-18 13:00:00
11748,1036,207,0.0,2021-04-18 13:00:00
11749,1036,2,0.0,2021-04-18 13:00:00
11750,1037,2,0.0,2021-05-02 14:00:00
11751,1037,207,0.0,2021-05-02 14:00:00
11752,1037,49,0.0,2021-05-02 14:00:00
11753,1037,209,1.0,2021-05-02 14:00:00
11754,1037,115,0.0,2021-05-02 14:00:00
11755,1037,5,8.0,2021-05-02 14:00:00
11756,1037,0,12.0,2021-05-02 14:00:00
11757,1037,8,30.0,2021-05-02 14:00:00
11758,1037,129,41.0,2021-05-02 14:00:00
11759,1037,210,10.0,2021-05-02 14:00:00
11760,1038,207,0.0,2021-05-09 13:00:00
11761,1038,2,0.0,2021-05-09 13:00:00
11762,1038,115,0.0,2021-05-09 13:00:00
11763,1038,209,1.0,2021-05-09 13:00:00
11764,1038,49,0.0,2021-05-09 13:00:00
11765,1038,0,12.0,2021-05-09 13:00:00
11766,1038,5,18.0,2021-05-09 13:00:00
11767,1038,8,29.0,2021-05-09 13:00:00
11768,1038,129,40.0,2021-05-09 13:00:00
11769,1038,210,2.0,2021-05-09 13:00:00
11770,1039,207,0.0,2021-05-23 13:00:00
11771,1039,5,18.0,2021-05-23 13:00:00
11772,1039,8,37.0,2021-05-23 13:00:00
11773,1039,0,15.0,2021-05-23 13:00:00
11774,1039,115,14.0,2021-05-23 13:00:00
11775,1039,209,8.0,2021-05-23 13:00:00
11776,1039,129,7.0,2021-05-23 13:00:00
11777,1039,210,2.0,2021-05-23 13:00:00
11778,1039,49,1.0,2021-05-23 13:00:00
11779,1039,2,0.0,2021-05-23 13:00:00
11780,1040,129,0.0,2021-06-06 12:00:00
11781,1040,49,1.0,2021-06-06 12:00:00
11782,1040,2,0.0,2021-06-06 12:00:00
11783,1040,207,0.0,2021-06-06 12:00:00
11784,1040,210,8.0,2021-06-06 12:00:00
11785,1040,0,12.0,2021-06-06 12:00:00
11786,1040,5,16.0,2021-06-06 12:00:00
11787,1040,209,21.0,2021-06-06 12:00:00
11788,1040,115,18.0,2021-06-06 12:00:00
11789,1040,8,25.0,2021-06-06 12:00:00
11790,1041,207,0.0,2021-06-20 13:00:00
11791,1041,49,0.0,2021-06-20 13:00:00
11792,1041,2,0.0,2021-06-20 13:00:00
11793,1041,5,0.0,2021-06-20 13:00:00
11794,1041,115,3.0,2021-06-20 13:00:00
11795,1041,209,6.0,2021-06-20 13:00:00
11796,1041,0,18.0,2021-06-20 13:00:00
11797,1041,129,30.0,2021-06-20 13:00:00
11798,1041,8,41.0,2021-06-20 13:00:00
11799,1041,210,4.0,2021-06-20 13:00:00
11800,1042,209,1.0,2021-06-27 13:00:00
11801,1042,2,0.0,2021-06-27 13:00:00
11802,1042,207,0.0,2021-06-27 13:00:00
11803,1042,49,0.0,2021-06-27 13:00:00
11804,1042,210,2.0,2021-06-27 13:00:00
11805,1042,8,37.0,2021-06-27 13:00:00
11806,1042,5,14.0,2021-06-27 13:00:00
11807,1042,0,10.0,2021-06-27 13:00:00
11808,1042,129,34.0,2021-06-27 13:00:00
11809,1042,115,4.0,2021-06-27 13:00:00
11810,1043,2,0.0,2021-07-04 13:00:00
11811,1043,207,0.0,2021-07-04 13:00:00
11812,1043,49,0.0,2021-07-04 13:00:00
11813,1043,115,0.0,2021-07-04 13:00:00
11814,1043,210,1.0,2021-07-04 13:00:00
11815,1043,8,34.0,2021-07-04 13:00:00
11816,1043,5,14.0,2021-07-04 13:00:00
11817,1043,0,21.0,2021-07-04 13:00:00
11818,1043,129,30.0,2021-07-04 13:00:00
11819,1043,209,2.0,2021-07-04 13:00:00
11820,1044,207,0.0,2021-07-18 14:00:00
11821,1044,8,3.0,2021-07-18 14:00:00
11822,1044,49,0.0,2021-07-18 14:00:00
11823,1044,2,0.0,2021-07-18 14:00:00
11824,1044,209,1.0,2021-07-18 14:00:00
11825,1044,210,8.0,2021-07-18 14:00:00
11826,1044,0,22.0,2021-07-18 14:00:00
11827,1044,5,26.0,2021-07-18 14:00:00
11828,1044,129,43.0,2021-07-18 14:00:00
11829,1044,115,4.0,2021-07-18 14:00:00
11830,1045,8,2.0,2021-08-01 13:00:00
11831,1045,207,0.0,2021-08-01 13:00:00
11832,1045,0,0.0,2021-08-01 13:00:00
11833,1045,49,1.0,2021-08-01 13:00:00
11834,1045,2,10.0,2021-08-01 13:00:00
11835,1045,209,19.0,2021-08-01 13:00:00
11836,1045,5,15.0,2021-08-01 13:00:00
11837,1045,129,18.0,2021-08-01 13:00:00
11838,1045,115,0.0,2021-08-01 13:00:00
11839,1045,210,37.0,2021-08-01 13:00:00
11840,1046,207,0.0,2021-08-29 13:00:00
11841,1046,49,0.0,2021-08-29 13:00:00
11842,1046,5,2.5,2021-08-29 13:00:00
11843,1046,210,3.0,2021-08-29 13:00:00
11844,1046,209,4.0,2021-08-29 13:00:00
11845,1046,115,5.0,2021-08-29 13:00:00
11846,1046,0,6.0,2021-08-29 13:00:00
11847,1046,129,7.5,2021-08-29 13:00:00
11848,1046,2,10.0,2021-08-29 13:00:00
11849,1046,8,12.5,2021-08-29 13:00:00
11850,1047,2,0.0,2021-09-05 13:00:00
11851,1047,49,0.0,2021-09-05 13:00:00
11852,1047,115,0.0,2021-09-05 13:00:00
11853,1047,0,1.0,2021-09-05 13:00:00
11854,1047,207,0.0,2021-09-05 13:00:00
11855,1047,5,16.0,2021-09-05 13:00:00
11856,1047,209,12.0,2021-09-05 13:00:00
11857,1047,129,34.0,2021-09-05 13:00:00
11858,1047,8,29.0,2021-09-05 13:00:00
11859,1047,210,10.0,2021-09-05 13:00:00
11860,1048,207,0.0,2021-09-12 13:00:00
11861,1048,49,0.0,2021-09-12 13:00:00
11862,1048,2,2.0,2021-09-12 13:00:00
11863,1048,210,5.0,2021-09-12 13:00:00
11864,1048,209,0.0,2021-09-12 13:00:00
11865,1048,8,12.0,2021-09-12 13:00:00
11866,1048,5,20.0,2021-09-12 13:00:00
11867,1048,129,18.0,2021-09-12 13:00:00
11868,1048,0,45.0,2021-09-12 13:00:00
11869,1048,115,6.0,2021-09-12 13:00:00
11870,1049,207,0.0,2021-09-26 12:00:00
11871,1049,209,0.0,2021-09-26 12:00:00
11872,1049,115,0.0,2021-09-26 12:00:00
11873,1049,2,1.0,2021-09-26 12:00:00
11874,1049,49,4.0,2021-09-26 12:00:00
11875,1049,210,8.0,2021-09-26 12:00:00
11876,1049,5,15.0,2021-09-26 12:00:00
11877,1049,8,20.0,2021-09-26 12:00:00
11878,1049,129,35.0,2021-09-26 12:00:00
11879,1049,0,19.0,2021-09-26 12:00:00
11880,1050,210,1.0,2021-10-10 12:00:00
11881,1050,2,0.0,2021-10-10 12:00:00
11882,1050,207,0.0,2021-10-10 12:00:00
11883,1050,115,2.0,2021-10-10 12:00:00
11884,1050,49,0.0,2021-10-10 12:00:00
11885,1050,209,8.0,2021-10-10 12:00:00
11886,1050,5,16.0,2021-10-10 12:00:00
11887,1050,8,33.0,2021-10-10 12:00:00
11888,1050,129,36.0,2021-10-10 12:00:00
11889,1050,0,6.0,2021-10-10 12:00:00
11890,1051,210,0.0,2021-10-24 19:00:00
11891,1051,207,0.0,2021-10-24 19:00:00
11892,1051,2,0.0,2021-10-24 19:00:00
11893,1051,49,0.0,2021-10-24 19:00:00
11894,1051,115,1.0,2021-10-24 19:00:00
11895,1051,209,2.0,2021-10-24 19:00:00
11896,1051,0,14.0,2021-10-24 19:00:00
11897,1051,5,18.0,2021-10-24 19:00:00
11898,1051,129,27.0,2021-10-24 19:00:00
11899,1051,8,40.0,2021-10-24 19:00:00
11900,1052,2,0.0,2021-11-07 19:00:00
11901,1052,0,1.0,2021-11-07 19:00:00
11902,1052,210,2.0,2021-11-07 19:00:00
11903,1052,49,4.0,2021-11-07 19:00:00
11904,1052,207,0.0,2021-11-07 19:00:00
11905,1052,5,18.0,2021-11-07 19:00:00
11906,1052,209,12.0,2021-11-07 19:00:00
11907,1052,129,18.0,2021-11-07 19:00:00
11908,1052,8,40.0,2021-11-07 19:00:00
11909,1052,115,6.0,2021-11-07 19:00:00
11910,1053,2,0.0,2021-11-14 17:00:00
11911,1053,49,0.0,2021-11-14 17:00:00
11912,1053,115,0.0,2021-11-14 17:00:00
11913,1053,0,1.0,2021-11-14 17:00:00
11914,1053,207,0.0,2021-11-14 17:00:00
11915,1053,209,6.0,2021-11-14 17:00:00
11916,1053,5,19.0,2021-11-14 17:00:00
11917,1053,8,33.0,2021-11-14 17:00:00
11918,1053,129,43.0,2021-11-14 17:00:00
11919,1053,210,6.0,2021-11-14 17:00:00
11920,1054,2,0.0,2021-11-21 14:00:00
11921,1054,207,0.0,2021-11-21 14:00:00
11922,1054,49,0.0,2021-11-21 14:00:00
11923,1054,209,0.0,2021-11-21 14:00:00
11924,1054,0,2.0,2021-11-21 14:00:00
11925,1054,5,10.0,2021-11-21 14:00:00
11926,1054,210,25.0,2021-11-21 14:00:00
11927,1054,8,31.0,2021-11-21 14:00:00
11928,1054,129,25.0,2021-11-21 14:00:00
11929,1054,115,9.0,2021-11-21 14:00:00
11930,1055,49,2.0,2021-12-05 17:30:00
11931,1055,207,0.0,2021-12-05 17:30:00
11932,1055,2,0.0,2021-12-05 17:30:00
11933,1055,115,0.0,2021-12-05 17:30:00
11934,1055,5,10.0,2021-12-05 17:30:00
11935,1055,209,8.0,2021-12-05 17:30:00
11936,1055,0,11.0,2021-12-05 17:30:00
11937,1055,210,12.0,2021-12-05 17:30:00
11938,1055,8,18.0,2021-12-05 17:30:00
11939,1055,129,41.0,2021-12-05 17:30:00
11940,1056,49,0.0,2021-12-12 13:00:00
11941,1056,2,0.0,2021-12-12 13:00:00
11942,1056,207,0.0,2021-12-12 13:00:00
11943,1056,115,0.0,2021-12-12 13:00:00
11944,1056,210,6.0,2021-12-12 13:00:00
11945,1056,209,22.0,2021-12-12 13:00:00
11946,1056,5,16.0,2021-12-12 13:00:00
11947,1056,129,26.0,2021-12-12 13:00:00
11948,1056,8,26.0,2021-12-12 13:00:00
11949,1056,0,6.0,2021-12-12 13:00:00
11950,1057,115,0.0,2022-03-20 15:00:00
11951,1057,8,0.0,2022-03-20 15:00:00
11952,1057,0,0.0,2022-03-20 15:00:00
11953,1057,2,0.0,2022-03-20 15:00:00
11954,1057,209,4.0,2022-03-20 15:00:00
11955,1057,5,44.0,2022-03-20 15:00:00
11956,1057,49,9.0,2022-03-20 15:00:00
11957,1057,207,10.0,2022-03-20 15:00:00
11958,1057,129,27.0,2022-03-20 15:00:00
11959,1057,210,8.0,2022-03-20 15:00:00
11960,1058,207,2.0,2022-03-27 17:00:00
11961,1058,2,0.0,2022-03-27 17:00:00
11962,1058,115,0.0,2022-03-27 17:00:00
11963,1058,49,0.0,2022-03-27 17:00:00
11964,1058,209,4.0,2022-03-27 17:00:00
11965,1058,8,37.0,2022-03-27 17:00:00
11966,1058,210,8.0,2022-03-27 17:00:00
11967,1058,129,11.0,2022-03-27 17:00:00
11968,1058,5,34.0,2022-03-27 17:00:00
11969,1058,0,6.0,2022-03-27 17:00:00
11970,1059,207,0.0,2022-04-10 05:00:00
11971,1059,115,0.0,2022-04-10 05:00:00
11972,1059,2,1.0,2022-04-10 05:00:00
11973,1059,209,2.0,2022-04-10 05:00:00
11974,1059,49,4.0,2022-04-10 05:00:00
11975,1059,0,18.0,2022-04-10 05:00:00
11976,1059,129,27.0,2022-04-10 05:00:00
11977,1059,8,18.0,2022-04-10 05:00:00
11978,1059,5,26.0,2022-04-10 05:00:00
11979,1059,210,6.0,2022-04-10 05:00:00
11980,1060,115,5.0,2022-04-24 13:00:00
11981,1060,210,0.0,2022-04-24 13:00:00
11982,1060,2,0.0,2022-04-24 13:00:00
11983,1060,207,3.0,2022-04-24 13:00:00
11984,1060,209,6.0,2022-04-24 13:00:00
11985,1060,5,20.0,2022-04-24 13:00:00
11986,1060,49,12.0,2022-04-24 13:00:00
11987,1060,129,12.0,2022-04-24 13:00:00
11988,1060,0,22.0,2022-04-24 13:00:00
11989,1060,8,58.0,2022-04-24 13:00:00
11990,1061,207,0.0,2022-05-08 19:30:00
11991,1061,0,0.0,2022-05-08 19:30:00
11992,1061,209,0.0,2022-05-08 19:30:00
11993,1061,115,1.0,2022-05-08 19:30:00
11994,1061,2,2.0,2022-05-08 19:30:00
11995,1061,49,6.0,2022-05-08 19:30:00
11996,1061,129,18.0,2022-05-08 19:30:00
11997,1061,5,33.0,2022-05-08 19:30:00
11998,1061,8,38.0,2022-05-08 19:30:00
11999,1061,210,4.0,2022-05-08 19:30:00
12000,1062,209,1.0,2022-05-22 13:00:00
12001,1062,2,0.0,2022-05-22 13:00:00
12002,1062,207,0.0,2022-05-22 13:00:00
12003,1062,115,0.0,2022-05-22 13:00:00
12004,1062,0,4.0,2022-05-22 13:00:00
12005,1062,8,44.0,2022-05-22 13:00:00
12006,1062,49,8.0,2022-05-22 13:00:00
12007,1062,5,12.0,2022-05-22 13:00:00
12008,1062,129,25.0,2022-05-22 13:00:00
12009,1062,210,8.0,2022-05-22 13:00:00
12010,1063,115,1.0,2022-05-29 13:00:00
12011,1063,207,0.0,2022-05-29 13:00:00
12012,1063,2,0.0,2022-05-29 13:00:00
12013,1063,209,0.0,2022-05-29 13:00:00
12014,1063,49,2.0,2022-05-29 13:00:00
12015,1063,8,40.0,2022-05-29 13:00:00
12016,1063,0,9.0,2022-05-29 13:00:00
12017,1063,129,14.0,2022-05-29 13:00:00
12018,1063,5,30.0,2022-05-29 13:00:00
12019,1063,210,6.0,2022-05-29 13:00:00
12020,1064,5,0.0,2022-06-12 11:00:00
12021,1064,207,0.0,2022-06-12 11:00:00
12022,1064,2,0.0,2022-06-12 11:00:00
12023,1064,49,0.0,2022-06-12 11:00:00
12024,1064,0,6.0,2022-06-12 11:00:00
12025,1064,115,8.0,2022-06-12 11:00:00
12026,1064,209,10.0,2022-06-12 11:00:00
12027,1064,129,27.0,2022-06-12 11:00:00
12028,1064,8,44.0,2022-06-12 11:00:00
12029,1064,210,7.0,2022-06-12 11:00:00
12030,1065,0,0.0,2022-06-19 18:00:00
12031,1065,207,0.0,2022-06-19 18:00:00
12032,1065,209,0.0,2022-06-19 18:00:00
12033,1065,2,0.0,2022-06-19 18:00:00
12034,1065,115,1.0,2022-06-19 18:00:00
12035,1065,49,10.0,2022-06-19 18:00:00
12036,1065,210,10.0,2022-06-19 18:00:00
12037,1065,129,27.0,2022-06-19 18:00:00
12038,1065,5,29.0,2022-06-19 18:00:00
12039,1065,8,25.0,2022-06-19 18:00:00
12040,1066,49,0.0,2022-07-03 14:00:00
12041,1066,209,0.0,2022-07-03 14:00:00
12042,1066,2,0.0,2022-07-03 14:00:00
12043,1066,115,2.0,2022-07-03 14:00:00
12044,1066,207,5.0,2022-07-03 14:00:00
12045,1066,0,8.0,2022-07-03 14:00:00
12046,1066,210,10.0,2022-07-03 14:00:00
12047,1066,129,16.0,2022-07-03 14:00:00
12048,1066,8,24.0,2022-07-03 14:00:00
12049,1066,5,37.0,2022-07-03 14:00:00
12050,1067,115,0.0,2022-07-10 13:00:00
12051,1067,2,0.0,2022-07-10 13:00:00
12052,1067,49,0.0,2022-07-10 13:00:00
12053,1067,0,8.0,2022-07-10 13:00:00
12054,1067,209,0.0,2022-07-10 13:00:00
12055,1067,210,14.0,2022-07-10 13:00:00
12056,1067,129,33.0,2022-07-10 13:00:00
12057,1067,8,31.0,2022-07-10 13:00:00
12058,1067,5,38.0,2022-07-10 13:00:00
12059,1067,207,14.0,2022-07-10 13:00:00
12060,1068,49,0.0,2022-07-24 13:00:00
12061,1068,2,0.0,2022-07-24 13:00:00
12062,1068,209,0.0,2022-07-24 13:00:00
12063,1068,115,1.0,2022-07-24 13:00:00
12064,1068,207,0.0,2022-07-24 13:00:00
12065,1068,210,12.0,2022-07-24 13:00:00
12066,1068,5,11.0,2022-07-24 13:00:00
12067,1068,129,33.0,2022-07-24 13:00:00
12068,1068,8,37.0,2022-07-24 13:00:00
12069,1068,0,8.0,2022-07-24 13:00:00
12070,1069,2,0.0,2022-07-31 13:00:00
12071,1069,207,0.0,2022-07-31 13:00:00
12072,1069,49,0.0,2022-07-31 13:00:00
12073,1069,209,0.0,2022-07-31 13:00:00
12074,1069,115,1.0,2022-07-31 13:00:00
12075,1069,210,6.0,2022-07-31 13:00:00
12076,1069,5,20.0,2022-07-31 13:00:00
12077,1069,129,34.0,2022-07-31 13:00:00
12078,1069,8,35.0,2022-07-31 13:00:00
12079,1069,0,6.0,2022-07-31 13:00:00
12080,1070,2,1.0,2022-08-28 13:00:00
12081,1070,49,0.0,2022-08-28 13:00:00
12082,1070,207,0.0,2022-08-28 13:00:00
12083,1070,209,2.0,2022-08-28 13:00:00
12084,1070,0,0.0,2022-08-28 13:00:00
12085,1070,210,16.0,2022-08-28 13:00:00
12086,1070,129,12.0,2022-08-28 13:00:00
12087,1070,5,23.0,2022-08-28 13:00:00
12088,1070,8,44.0,2022-08-28 13:00:00
12089,1070,115,4.0,2022-08-28 13:00:00
12090,1071,49,0.0,2022-09-04 13:00:00
12091,1071,207,0.0,2022-09-04 13:00:00
12092,1071,2,0.0,2022-09-04 13:00:00
12093,1071,209,0.0,2022-09-04 13:00:00
12094,1071,115,1.0,2022-09-04 13:00:00
12095,1071,0,6.0,2022-09-04 13:00:00
12096,1071,210,10.0,2022-09-04 13:00:00
12097,1071,5,19.0,2022-09-04 13:00:00
12098,1071,129,30.0,2022-09-04 13:00:00
12099,1071,8,36.0,2022-09-04 13:00:00
12100,1072,207,0.0,2022-09-11 13:00:00
12101,1072,210,0.0,2022-09-11 13:00:00
12102,1072,49,1.0,2022-09-11 13:00:00
12103,1072,2,2.0,2022-09-11 13:00:00
12104,1072,115,0.0,2022-09-11 13:00:00
12105,1072,0,6.0,2022-09-11 13:00:00
12106,1072,129,25.0,2022-09-11 13:00:00
12107,1072,5,30.0,2022-09-11 13:00:00
12108,1072,8,34.0,2022-09-11 13:00:00
12109,1072,209,4.0,2022-09-11 13:00:00
12110,1073,210,0.0,2022-10-02 12:00:00
12111,1073,207,0.0,2022-10-02 12:00:00
12112,1073,49,0.0,2022-10-02 12:00:00
12113,1073,209,1.0,2022-10-02 12:00:00
12114,1073,2,0.0,2022-10-02 12:00:00
12115,1073,115,12.0,2022-10-02 12:00:00
12116,1073,0,22.0,2022-10-02 12:00:00
12117,1073,5,33.0,2022-10-02 12:00:00
12118,1073,8,31.0,2022-10-02 12:00:00
12119,1073,129,2.0,2022-10-02 12:00:00
12120,1074,49,0.0,2022-10-09 05:00:00
12121,1074,207,0.0,2022-10-09 05:00:00
12122,1074,209,0.0,2022-10-09 05:00:00
12123,1074,0,1.0,2022-10-09 05:00:00
12124,1074,2,2.0,2022-10-09 05:00:00
12125,1074,115,8.0,2022-10-09 05:00:00
12126,1074,210,18.0,2022-10-09 05:00:00
12127,1074,5,15.0,2022-10-09 05:00:00
12128,1074,8,43.0,2022-10-09 05:00:00
12129,1074,129,14.0,2022-10-09 05:00:00
12130,1075,209,1.0,2022-10-23 19:00:00
12131,1075,2,0.0,2022-10-23 19:00:00
12132,1075,49,0.0,2022-10-23 19:00:00
12133,1075,210,6.0,2022-10-23 19:00:00
12134,1075,207,2.0,2022-10-23 19:00:00
12135,1075,115,4.0,2022-10-23 19:00:00
12136,1075,0,8.0,2022-10-23 19:00:00
12137,1075,5,15.0,2022-10-23 19:00:00
12138,1075,129,29.0,2022-10-23 19:00:00
12139,1075,8,37.0,2022-10-23 19:00:00
12140,1076,207,0.0,2022-10-30 20:00:00
12141,1076,115,0.0,2022-10-30 20:00:00
12142,1076,2,0.0,2022-10-30 20:00:00
12143,1076,209,0.0,2022-10-30 20:00:00
12144,1076,49,1.0,2022-10-30 20:00:00
12145,1076,210,4.0,2022-10-30 20:00:00
12146,1076,0,8.0,2022-10-30 20:00:00
12147,1076,5,18.0,2022-10-30 20:00:00
12148,1076,129,31.0,2022-10-30 20:00:00
12149,1076,8,40.0,2022-10-30 20:00:00
12150,1077,2,0.0,2022-11-13 18:00:00
12151,1077,209,0.0,2022-11-13 18:00:00
12152,1077,207,1.0,2022-11-13 18:00:00
12153,1077,115,1.0,2022-11-13 18:00:00
12154,1077,0,2.0,2022-11-13 18:00:00
12155,1077,8,23.0,2022-11-13 18:00:00
12156,1077,210,14.0,2022-11-13 18:00:00
12157,1077,5,37.0,2022-11-13 18:00:00
12158,1077,129,58.0,2022-11-13 18:00:00
12159,1077,49,2.0,2022-11-13 18:00:00
12160,1078,2,0.0,2022-11-20 13:00:00
12161,1078,49,0.0,2022-11-20 13:00:00
12162,1078,209,0.0,2022-11-20 13:00:00
12163,1078,115,5.0,2022-11-20 13:00:00
12164,1078,207,0.0,2022-11-20 13:00:00
12165,1078,0,11.0,2022-11-20 13:00:00
12166,1078,129,10.0,2022-11-20 13:00:00
12167,1078,5,30.0,2022-11-20 13:00:00
12168,1078,8,40.0,2022-11-20 13:00:00
12169,1078,210,6.0,2022-11-20 13:00:00
12170,1079,0,0.0,2023-03-05 15:00:00
12171,1079,207,0.0,2023-03-05 15:00:00
12172,1079,209,0.0,2023-03-05 15:00:00
12173,1079,2,1.0,2023-03-05 15:00:00
12174,1079,210,2.0,2023-03-05 15:00:00
12175,1079,49,4.0,2023-03-05 15:00:00
12176,1079,5,12.0,2023-03-05 15:00:00
12177,1079,115,23.0,2023-03-05 15:00:00
12178,1079,8,43.0,2023-03-05 15:00:00
12179,1079,129,16.0,2023-03-05 15:00:00
12180,1080,209,0.0,2023-03-19 17:00:00
12181,1080,0,0.0,2023-03-19 17:00:00
12182,1080,2,0.0,2023-03-19 17:00:00
12183,1080,207,1.0,2023-03-19 17:00:00
12184,1080,49,0.0,2023-03-19 17:00:00
12185,1080,5,14.0,2023-03-19 17:00:00
12186,1080,115,15.0,2023-03-19 17:00:00
12187,1080,129,22.0,2023-03-19 17:00:00
12188,1080,8,44.0,2023-03-19 17:00:00
12189,1080,210,6.0,2023-03-19 17:00:00
12190,1081,2,0.0,2023-04-02 05:00:00
12191,1081,210,0.0,2023-04-02 05:00:00
12192,1081,5,0.0,2023-04-02 05:00:00
12193,1081,209,1.0,2023-04-02 05:00:00
12194,1081,49,2.0,2023-04-02 05:00:00
12195,1081,207,6.0,2023-04-02 05:00:00
12196,1081,0,12.0,2023-04-02 05:00:00
12197,1081,115,27.0,2023-04-02 05:00:00
12198,1081,129,18.0,2023-04-02 05:00:00
12199,1081,8,36.0,2023-04-02 05:00:00
12200,1082,210,0.0,2023-04-30 11:00:00
12201,1082,207,0.0,2023-04-30 11:00:00
12202,1082,2,0.0,2023-04-30 11:00:00
12203,1082,209,1.0,2023-04-30 11:00:00
12204,1082,49,0.0,2023-04-30 11:00:00
12205,1082,129,20.0,2023-04-30 11:00:00
12206,1082,115,22.0,2023-04-30 11:00:00
12207,1082,5,36.0,2023-04-30 11:00:00
12208,1082,8,57.0,2023-04-30 11:00:00
12209,1082,0,2.0,2023-04-30 11:00:00
12210,1083,2,0.0,2023-05-07 19:30:00
12211,1083,49,0.0,2023-05-07 19:30:00
12212,1083,209,0.0,2023-05-07 19:30:00
12213,1083,207,1.0,2023-05-07 19:30:00
12214,1083,0,0.0,2023-05-07 19:30:00
12215,1083,5,16.0,2023-05-07 19:30:00
12216,1083,129,20.0,2023-05-07 19:30:00
12217,1083,115,15.0,2023-05-07 19:30:00
12218,1083,8,44.0,2023-05-07 19:30:00
12219,1083,210,6.0,2023-05-07 19:30:00
12220,1084,207,0.0,2023-05-28 13:00:00
12221,1084,2,0.0,2023-05-28 13:00:00
12222,1084,209,0.0,2023-05-28 13:00:00
12223,1084,49,0.0,2023-05-28 13:00:00
12224,1084,0,3.0,2023-05-28 13:00:00
12225,1084,5,12.0,2023-05-28 13:00:00
12226,1084,210,21.0,2023-05-28 13:00:00
12227,1084,115,18.0,2023-05-28 13:00:00
12228,1084,8,25.0,2023-05-28 13:00:00
12229,1084,129,23.0,2023-05-28 13:00:00
12230,1085,209,0.0,2023-06-04 13:00:00
12231,1085,207,0.0,2023-06-04 13:00:00
12232,1085,2,0.0,2023-06-04 13:00:00
12233,1085,49,2.0,2023-06-04 13:00:00
12234,1085,0,0.0,2023-06-04 13:00:00
12235,1085,115,14.0,2023-06-04 13:00:00
12236,1085,5,10.0,2023-06-04 13:00:00
12237,1085,129,33.0,2023-06-04 13:00:00
12238,1085,8,38.0,2023-06-04 13:00:00
12239,1085,210,5.0,2023-06-04 13:00:00
12240,1086,209,0.0,2023-06-18 18:00:00
12241,1086,0,0.0,2023-06-18 18:00:00
12242,1086,49,1.0,2023-06-18 18:00:00
12243,1086,210,4.0,2023-06-18 18:00:00
12244,1086,207,0.0,2023-06-18 18:00:00
12245,1086,5,22.0,2023-06-18 18:00:00
12246,1086,129,15.0,2023-06-18 18:00:00
12247,1086,115,20.0,2023-06-18 18:00:00
12248,1086,8,34.0,2023-06-18 18:00:00
12249,1086,2,6.0,2023-06-18 18:00:00
12250,1087,207,3.0,2023-07-02 13:00:00
12251,1087,209,0.0,2023-07-02 13:00:00
12252,1087,49,0.0,2023-07-02 13:00:00
12253,1087,2,0.0,2023-07-02 13:00:00
12254,1087,210,3.0,2023-07-02 13:00:00
12255,1087,129,11.0,2023-07-02 13:00:00
12256,1087,0,12.0,2023-07-02 13:00:00
12257,1087,5,32.0,2023-07-02 13:00:00
12258,1087,8,56.0,2023-07-02 13:00:00
12259,1087,115,21.0,2023-07-02 13:00:00
12260,1088,49,0.0,2023-07-09 14:00:00
12261,1088,209,0.0,2023-07-09 14:00:00
12262,1088,207,0.0,2023-07-09 14:00:00
12263,1088,210,0.0,2023-07-09 14:00:00
12264,1088,5,3.0,2023-07-09 14:00:00
12265,1088,129,25.0,2023-07-09 14:00:00
12266,1088,115,6.0,2023-07-09 14:00:00
12267,1088,0,30.0,2023-07-09 14:00:00
12268,1088,8,34.0,2023-07-09 14:00:00
12269,1088,2,4.0,2023-07-09 14:00:00
12270,1089,210,0.0,2023-07-23 13:00:00
12271,1089,207,0.0,2023-07-23 13:00:00
12272,1089,49,0.0,2023-07-23 13:00:00
12273,1089,2,0.0,2023-07-23 13:00:00
12274,1089,209,0.0,2023-07-23 13:00:00
12275,1089,5,10.0,2023-07-23 13:00:00
12276,1089,129,20.0,2023-07-23 13:00:00
12277,1089,0,28.0,2023-07-23 13:00:00
12278,1089,8,41.0,2023-07-23 13:00:00
12279,1089,115,3.0,2023-07-23 13:00:00
12280,1090,2,0.0,2023-07-30 13:00:00
12281,1090,8,51.0,2023-07-30 13:00:00
12282,1090,5,24.0,2023-07-30 13:00:00
12283,1090,129,24.0,2023-07-30 13:00:00
12284,1090,115,12.0,2023-07-30 13:00:00
12285,1090,0,16.0,2023-07-30 13:00:00
12286,1090,210,10.0,2023-07-30 13:00:00
12287,1090,209,1.0,2023-07-30 13:00:00
12288,1090,49,0.0,2023-07-30 13:00:00
12289,1090,207,0.0,2023-07-30 13:00:00
