constructorStandingsId,raceId,constructorId,points,position,wins,date
11072,897,5,18.0,3,0,2014-03-16 06:00:00
11073,897,129,25.0,2,1,2014-03-16 06:00:00
11074,897,0,33.0,1,0,2014-03-16 06:00:00
11075,897,2,10.0,4,0,2014-03-16 06:00:00
11076,897,14,0.0,7,0,2014-03-16 06:00:00
11077,897,4,6.0,6,0,2014-03-16 06:00:00
11078,897,205,0.0,9,0,2014-03-16 06:00:00
11079,897,203,0.0,8,0,2014-03-16 06:00:00
11080,897,204,0.0,10,0,2014-03-16 06:00:00
11081,897,8,0.0,11,0,2014-03-16 06:00:00
11082,897,9,9.0,5,0,2014-03-16 06:00:00
11083,898,129,68.0,1,2,2014-03-30 08:00:00
11084,898,0,43.0,2,0,2014-03-30 08:00:00
11085,898,8,15.0,6,0,2014-03-30 08:00:00
11086,898,204,0.0,10,0,2014-03-30 08:00:00
11087,898,205,0.0,9,0,2014-03-30 08:00:00
11088,898,203,0.0,11,0,2014-03-30 08:00:00
11089,898,14,0.0,8,0,2014-03-30 08:00:00
11090,898,4,7.0,7,0,2014-03-30 08:00:00
11091,898,9,19.0,5,0,2014-03-30 08:00:00
11092,898,2,20.0,4,0,2014-03-30 08:00:00
11093,898,5,30.0,3,0,2014-03-30 08:00:00
11094,899,8,35.0,4,0,2014-04-06 15:00:00
11095,899,204,0.0,11,0,2014-04-06 15:00:00
11096,899,205,0.0,8,0,2014-04-06 15:00:00
11097,899,2,30.0,6,0,2014-04-06 15:00:00
11098,899,14,0.0,9,0,2014-04-06 15:00:00
11099,899,4,7.0,7,0,2014-04-06 15:00:00
11100,899,9,44.0,2,0,2014-04-06 15:00:00
11101,899,5,33.0,5,0,2014-04-06 15:00:00
11102,899,0,43.0,3,0,2014-04-06 15:00:00
11103,899,129,111.0,1,3,2014-04-06 15:00:00
11104,899,203,0.0,10,0,2014-04-06 15:00:00
11105,900,204,0.0,11,0,2014-04-20 07:00:00
11106,900,8,57.0,2,0,2014-04-20 07:00:00
11107,900,205,0.0,8,0,2014-04-20 07:00:00
11108,900,2,36.0,6,0,2014-04-20 07:00:00
11109,900,14,0.0,9,0,2014-04-20 07:00:00
11110,900,4,8.0,7,0,2014-04-20 07:00:00
11111,900,129,154.0,1,4,2014-04-20 07:00:00
11112,900,0,43.0,5,0,2014-04-20 07:00:00
11113,900,5,52.0,4,0,2014-04-20 07:00:00
11114,900,9,54.0,3,0,2014-04-20 07:00:00
11115,900,203,0.0,10,0,2014-04-20 07:00:00
11116,901,8,84.0,2,0,2014-05-11 12:00:00
11117,901,204,0.0,11,0,2014-05-11 12:00:00
11118,901,205,4.0,8,0,2014-05-11 12:00:00
11119,901,14,0.0,9,0,2014-05-11 12:00:00
11120,901,4,8.0,7,0,2014-05-11 12:00:00
11121,901,9,57.0,4,0,2014-05-11 12:00:00
11122,901,2,46.0,5,0,2014-05-11 12:00:00
11123,901,5,66.0,3,0,2014-05-11 12:00:00
11124,901,0,43.0,6,0,2014-05-11 12:00:00
11125,901,129,197.0,1,5,2014-05-11 12:00:00
11126,901,203,0.0,10,0,2014-05-11 12:00:00
11127,902,204,0.0,11,0,2014-05-25 12:00:00
11128,902,8,99.0,2,0,2014-05-25 12:00:00
11129,902,205,8.0,7,0,2014-05-25 12:00:00
11130,902,2,52.0,6,0,2014-05-25 12:00:00
11131,902,14,0.0,10,0,2014-05-25 12:00:00
11132,902,9,67.0,4,0,2014-05-25 12:00:00
11133,902,5,78.0,3,0,2014-05-25 12:00:00
11134,902,0,52.0,5,0,2014-05-25 12:00:00
11135,902,129,240.0,1,6,2014-05-25 12:00:00
11136,902,203,2.0,9,0,2014-05-25 12:00:00
11137,902,4,8.0,8,0,2014-05-25 12:00:00
11138,903,9,77.0,4,0,2014-06-08 18:00:00
11139,903,4,12.0,7,0,2014-06-08 18:00:00
11140,903,14,0.0,10,0,2014-06-08 18:00:00
11141,903,205,8.0,8,0,2014-06-08 18:00:00
11142,903,204,0.0,11,0,2014-06-08 18:00:00
11143,903,8,139.0,2,1,2014-06-08 18:00:00
11144,903,5,87.0,3,0,2014-06-08 18:00:00
11145,903,0,66.0,5,0,2014-06-08 18:00:00
11146,903,129,258.0,1,6,2014-06-08 18:00:00
11147,903,2,58.0,6,0,2014-06-08 18:00:00
11148,903,203,2.0,9,0,2014-06-08 18:00:00
11149,904,204,0.0,11,0,2014-06-22 12:00:00
11150,904,8,143.0,2,1,2014-06-22 12:00:00
11151,904,205,8.0,8,0,2014-06-22 12:00:00
11152,904,14,0.0,10,0,2014-06-22 12:00:00
11153,904,4,12.0,7,0,2014-06-22 12:00:00
11154,904,9,87.0,4,0,2014-06-22 12:00:00
11155,904,129,301.0,1,7,2014-06-22 12:00:00
11156,904,0,72.0,6,0,2014-06-22 12:00:00
11157,904,5,98.0,3,0,2014-06-22 12:00:00
11158,904,2,85.0,5,0,2014-06-22 12:00:00
11159,904,203,2.0,9,0,2014-06-22 12:00:00
11160,905,8,168.0,2,1,2014-07-06 12:00:00
11161,905,204,0.0,11,0,2014-07-06 12:00:00
11162,905,205,8.0,8,0,2014-07-06 12:00:00
11163,905,203,2.0,9,0,2014-07-06 12:00:00
11164,905,4,15.0,7,0,2014-07-06 12:00:00
11165,905,9,91.0,5,0,2014-07-06 12:00:00
11166,905,2,103.0,4,0,2014-07-06 12:00:00
11167,905,5,106.0,3,0,2014-07-06 12:00:00
11168,905,0,90.0,6,0,2014-07-06 12:00:00
11169,905,129,326.0,1,8,2014-07-06 12:00:00
11170,905,14,0.0,10,0,2014-07-06 12:00:00
11171,906,204,0.0,11,0,2014-07-20 12:00:00
11172,906,8,188.0,2,1,2014-07-20 12:00:00
11173,906,205,8.0,8,0,2014-07-20 12:00:00
11174,906,2,121.0,3,0,2014-07-20 12:00:00
11175,906,14,0.0,10,0,2014-07-20 12:00:00
11176,906,9,98.0,5,0,2014-07-20 12:00:00
11177,906,5,116.0,4,0,2014-07-20 12:00:00
11178,906,0,96.0,6,0,2014-07-20 12:00:00
11179,906,129,366.0,1,9,2014-07-20 12:00:00
11180,906,203,2.0,9,0,2014-07-20 12:00:00
11181,906,4,15.0,7,0,2014-07-20 12:00:00
11182,907,9,98.0,5,0,2014-07-27 12:00:00
11183,907,4,17.0,7,0,2014-07-27 12:00:00
11184,907,14,0.0,10,0,2014-07-27 12:00:00
11185,907,203,2.0,9,0,2014-07-27 12:00:00
11186,907,205,8.0,8,0,2014-07-27 12:00:00
11187,907,204,0.0,11,0,2014-07-27 12:00:00
11188,907,8,219.0,2,2,2014-07-27 12:00:00
11189,907,129,393.0,1,9,2014-07-27 12:00:00
11190,907,0,97.0,6,0,2014-07-27 12:00:00
11191,907,5,142.0,3,0,2014-07-27 12:00:00
11192,907,2,135.0,4,0,2014-07-27 12:00:00
11193,908,204,0.0,11,0,2014-08-24 12:00:00
11194,908,205,8.0,8,0,2014-08-24 12:00:00
11195,908,8,254.0,2,3,2014-08-24 12:00:00
11196,908,14,0.0,10,0,2014-08-24 12:00:00
11197,908,129,411.0,1,9,2014-08-24 12:00:00
11198,908,0,105.0,5,0,2014-08-24 12:00:00
11199,908,5,160.0,3,0,2014-08-24 12:00:00
11200,908,2,150.0,4,0,2014-08-24 12:00:00
11201,908,203,2.0,9,0,2014-08-24 12:00:00
11202,908,9,103.0,6,0,2014-08-24 12:00:00
11203,908,4,19.0,7,0,2014-08-24 12:00:00
11204,909,2,177.0,3,0,2014-09-07 12:00:00
11205,909,9,109.0,6,0,2014-09-07 12:00:00
11206,909,4,19.0,7,0,2014-09-07 12:00:00
11207,909,14,0.0,10,0,2014-09-07 12:00:00
11208,909,205,8.0,8,0,2014-09-07 12:00:00
11209,909,204,0.0,11,0,2014-09-07 12:00:00
11210,909,8,272.0,2,3,2014-09-07 12:00:00
11211,909,0,110.0,5,0,2014-09-07 12:00:00
11212,909,129,454.0,1,10,2014-09-07 12:00:00
11213,909,5,162.0,4,0,2014-09-07 12:00:00
11214,909,203,2.0,9,0,2014-09-07 12:00:00
11215,910,204,0.0,11,0,2014-09-21 12:00:00
11216,910,8,305.0,2,3,2014-09-21 12:00:00
11217,910,205,8.0,8,0,2014-09-21 12:00:00
11218,910,14,0.0,10,0,2014-09-21 12:00:00
11219,910,2,187.0,3,0,2014-09-21 12:00:00
11220,910,5,178.0,4,0,2014-09-21 12:00:00
11221,910,0,111.0,6,0,2014-09-21 12:00:00
11222,910,129,479.0,1,11,2014-09-21 12:00:00
11223,910,203,2.0,9,0,2014-09-21 12:00:00
11224,910,9,117.0,5,0,2014-09-21 12:00:00
11225,910,4,27.0,7,0,2014-09-21 12:00:00
11226,911,2,201.0,3,0,2014-10-05 06:00:00
11227,911,9,122.0,5,0,2014-10-05 06:00:00
11228,911,4,29.0,7,0,2014-10-05 06:00:00
11229,911,14,0.0,10,0,2014-10-05 06:00:00
11230,911,205,8.0,8,0,2014-10-05 06:00:00
11231,911,204,0.0,11,0,2014-10-05 06:00:00
11232,911,8,332.0,2,3,2014-10-05 06:00:00
11233,911,0,121.0,6,0,2014-10-05 06:00:00
11234,911,129,522.0,1,12,2014-10-05 06:00:00
11235,911,5,178.0,4,0,2014-10-05 06:00:00
11236,911,203,2.0,9,0,2014-10-05 06:00:00
11237,912,205,8.0,8,0,2014-10-12 11:00:00
11238,912,8,342.0,2,3,2014-10-12 11:00:00
11239,912,204,0.0,11,0,2014-10-12 11:00:00
11240,912,203,2.0,9,0,2014-10-12 11:00:00
11241,912,4,29.0,7,0,2014-10-12 11:00:00
11242,912,9,123.0,6,0,2014-10-12 11:00:00
11243,912,129,565.0,1,13,2014-10-12 11:00:00
11244,912,0,143.0,5,0,2014-10-12 11:00:00
11245,912,5,188.0,4,0,2014-10-12 11:00:00
11246,912,2,216.0,3,0,2014-10-12 11:00:00
11247,912,14,0.0,10,0,2014-10-12 11:00:00
11248,913,8,363.0,2,3,2014-11-02 20:00:00
11249,913,204,0.0,11,0,2014-11-02 20:00:00
11250,913,205,10.0,8,0,2014-11-02 20:00:00
11251,913,14,0.0,10,0,2014-11-02 20:00:00
11252,913,4,30.0,7,0,2014-11-02 20:00:00
11253,913,9,123.0,6,0,2014-11-02 20:00:00
11254,913,2,238.0,3,0,2014-11-02 20:00:00
11255,913,5,196.0,4,0,2014-11-02 20:00:00
11256,913,0,147.0,5,0,2014-11-02 20:00:00
11257,913,129,608.0,1,14,2014-11-02 20:00:00
11258,913,203,2.0,9,0,2014-11-02 20:00:00
11259,914,204,0.0,11,0,2014-11-09 16:00:00
11260,914,8,373.0,2,3,2014-11-09 16:00:00
11261,914,205,10.0,8,0,2014-11-09 16:00:00
11262,914,129,651.0,1,15,2014-11-09 16:00:00
11263,914,14,0.0,10,0,2014-11-09 16:00:00
11264,914,4,30.0,7,0,2014-11-09 16:00:00
11265,914,0,161.0,5,0,2014-11-09 16:00:00
11266,914,203,2.0,9,0,2014-11-09 16:00:00
11267,914,5,210.0,4,0,2014-11-09 16:00:00
11268,914,2,254.0,3,0,2014-11-09 16:00:00
11269,914,9,127.0,6,0,2014-11-09 16:00:00
11270,915,8,405.0,2,3,2014-11-23 13:00:00
11271,915,204,0.0,11,0,2014-11-23 13:00:00
11272,915,205,10.0,8,0,2014-11-23 13:00:00
11273,915,203,2.0,9,0,2014-11-23 13:00:00
11274,915,14,0.0,10,0,2014-11-23 13:00:00
11275,915,4,30.0,7,0,2014-11-23 13:00:00
11276,915,9,155.0,6,0,2014-11-23 13:00:00
11277,915,2,320.0,3,0,2014-11-23 13:00:00
11278,915,5,216.0,4,0,2014-11-23 13:00:00
11279,915,0,181.0,5,0,2014-11-23 13:00:00
11280,915,129,701.0,1,16,2014-11-23 13:00:00
11281,916,205,0.0,9,0,2015-03-15 05:00:00
11282,916,0,0.0,8,0,2015-03-15 05:00:00
11283,916,129,43.0,1,1,2015-03-15 05:00:00
11284,916,9,7.0,6,0,2015-03-15 05:00:00
11285,916,8,8.0,5,0,2015-03-15 05:00:00
11286,916,14,14.0,3,0,2015-03-15 05:00:00
11287,916,2,12.0,4,0,2015-03-15 05:00:00
11288,916,5,15.0,2,0,2015-03-15 05:00:00
11289,916,4,2.0,7,0,2015-03-15 05:00:00
11290,917,205,0.0,8,0,2015-03-29 07:00:00
11291,917,206,0.0,10,0,2015-03-29 07:00:00
11292,917,0,0.0,9,0,2015-03-29 07:00:00
11293,917,5,52.0,2,1,2015-03-29 07:00:00
11294,917,9,7.0,7,0,2015-03-29 07:00:00
11295,917,8,11.0,6,0,2015-03-29 07:00:00
11296,917,129,76.0,1,1,2015-03-29 07:00:00
11297,917,2,30.0,3,0,2015-03-29 07:00:00
11298,917,14,14.0,4,0,2015-03-29 07:00:00
11299,917,4,12.0,5,0,2015-03-29 07:00:00
11300,918,206,0.0,10,0,2015-04-12 06:00:00
11301,918,205,6.0,8,0,2015-04-12 06:00:00
11302,918,0,0.0,9,0,2015-04-12 06:00:00
11303,918,9,7.0,7,0,2015-04-12 06:00:00
11304,918,8,13.0,5,0,2015-04-12 06:00:00
11305,918,14,19.0,4,0,2015-04-12 06:00:00
11306,918,2,48.0,3,0,2015-04-12 06:00:00
11307,918,5,79.0,2,1,2015-04-12 06:00:00
11308,918,129,119.0,1,2,2015-04-12 06:00:00
11309,918,4,12.0,6,0,2015-04-12 06:00:00
11310,919,205,12.0,6,0,2015-04-19 15:00:00
11311,919,206,0.0,10,0,2015-04-19 15:00:00
11312,919,0,0.0,9,0,2015-04-19 15:00:00
11313,919,5,107.0,2,1,2015-04-19 15:00:00
11314,919,9,11.0,8,0,2015-04-19 15:00:00
11315,919,14,19.0,5,0,2015-04-19 15:00:00
11316,919,2,61.0,3,0,2015-04-19 15:00:00
11317,919,129,159.0,1,3,2015-04-19 15:00:00
11318,919,4,12.0,7,0,2015-04-19 15:00:00
11319,919,8,23.0,4,0,2015-04-19 15:00:00
11320,920,14,19.0,5,0,2015-05-10 12:00:00
11321,920,8,30.0,4,0,2015-05-10 12:00:00
11322,920,9,11.0,8,0,2015-05-10 12:00:00
11323,920,0,0.0,9,0,2015-05-10 12:00:00
11324,920,205,16.0,6,0,2015-05-10 12:00:00
11325,920,206,0.0,10,0,2015-05-10 12:00:00
11326,920,5,132.0,2,1,2015-05-10 12:00:00
11327,920,129,202.0,1,4,2015-05-10 12:00:00
11328,920,2,81.0,3,0,2015-05-10 12:00:00
11329,920,4,14.0,7,0,2015-05-10 12:00:00
11330,921,205,16.0,7,0,2015-05-24 12:00:00
11331,921,206,0.0,10,0,2015-05-24 12:00:00
11332,921,0,4.0,9,0,2015-05-24 12:00:00
11333,921,9,17.0,6,0,2015-05-24 12:00:00
11334,921,8,52.0,4,0,2015-05-24 12:00:00
11335,921,14,21.0,5,0,2015-05-24 12:00:00
11336,921,129,242.0,1,5,2015-05-24 12:00:00
11337,921,5,158.0,2,1,2015-05-24 12:00:00
11338,921,2,81.0,3,0,2015-05-24 12:00:00
11339,921,4,15.0,8,0,2015-05-24 12:00:00
11340,922,206,0.0,10,0,2015-06-07 18:00:00
11341,922,205,23.0,5,0,2015-06-07 18:00:00
11342,922,0,4.0,9,0,2015-06-07 18:00:00
11343,922,4,15.0,8,0,2015-06-07 18:00:00
11344,922,8,54.0,4,0,2015-06-07 18:00:00
11345,922,14,21.0,6,0,2015-06-07 18:00:00
11346,922,2,104.0,3,0,2015-06-07 18:00:00
11347,922,5,180.0,2,1,2015-06-07 18:00:00
11348,922,129,285.0,1,6,2015-06-07 18:00:00
11349,922,9,21.0,7,0,2015-06-07 18:00:00
11350,923,205,29.0,6,0,2015-06-21 12:00:00
11351,923,206,0.0,10,0,2015-06-21 12:00:00
11352,923,0,4.0,9,0,2015-06-21 12:00:00
11353,923,5,192.0,2,1,2015-06-21 12:00:00
11354,923,9,31.0,5,0,2015-06-21 12:00:00
11355,923,14,21.0,7,0,2015-06-21 12:00:00
11356,923,2,129.0,3,0,2015-06-21 12:00:00
11357,923,129,328.0,1,7,2015-06-21 12:00:00
11358,923,4,19.0,8,0,2015-06-21 12:00:00
11359,923,8,55.0,4,0,2015-06-21 12:00:00
11360,924,14,21.0,7,0,2015-07-05 12:00:00
11361,924,8,63.0,4,0,2015-07-05 12:00:00
11362,924,9,39.0,5,0,2015-07-05 12:00:00
11363,924,4,19.0,8,0,2015-07-05 12:00:00
11364,924,0,5.0,9,0,2015-07-05 12:00:00
11365,924,205,29.0,6,0,2015-07-05 12:00:00
11366,924,206,0.0,10,0,2015-07-05 12:00:00
11367,924,129,371.0,1,8,2015-07-05 12:00:00
11368,924,5,211.0,2,1,2015-07-05 12:00:00
11369,924,2,151.0,3,0,2015-07-05 12:00:00
11370,925,205,35.0,6,0,2015-07-26 12:00:00
11371,925,0,17.0,9,0,2015-07-26 12:00:00
11372,925,206,0.0,10,0,2015-07-26 12:00:00
11373,925,9,39.0,5,0,2015-07-26 12:00:00
11374,925,129,383.0,1,8,2015-07-26 12:00:00
11375,925,5,236.0,2,2,2015-07-26 12:00:00
11376,925,4,31.0,7,0,2015-07-26 12:00:00
11377,925,14,22.0,8,0,2015-07-26 12:00:00
11378,925,8,96.0,4,0,2015-07-26 12:00:00
11379,925,2,151.0,3,0,2015-07-26 12:00:00
11380,926,206,0.0,10,0,2015-08-23 12:00:00
11381,926,0,17.0,9,0,2015-08-23 12:00:00
11382,926,4,35.0,7,0,2015-08-23 12:00:00
11383,926,14,23.0,8,0,2015-08-23 12:00:00
11384,926,205,50.0,5,0,2015-08-23 12:00:00
11385,926,9,49.0,6,0,2015-08-23 12:00:00
11386,926,8,108.0,4,0,2015-08-23 12:00:00
11387,926,5,242.0,2,2,2015-08-23 12:00:00
11388,926,129,426.0,1,9,2015-08-23 12:00:00
11389,926,2,161.0,3,0,2015-08-23 12:00:00
11390,927,205,50.0,6,0,2015-09-06 12:00:00
11391,927,206,0.0,10,0,2015-09-06 12:00:00
11392,927,0,17.0,9,0,2015-09-06 12:00:00
11393,927,9,63.0,5,0,2015-09-06 12:00:00
11394,927,2,188.0,3,0,2015-09-06 12:00:00
11395,927,5,270.0,2,2,2015-09-06 12:00:00
11396,927,129,451.0,1,10,2015-09-06 12:00:00
11397,927,4,35.0,7,0,2015-09-06 12:00:00
11398,927,14,25.0,8,0,2015-09-06 12:00:00
11399,927,8,113.0,4,0,2015-09-06 12:00:00
11400,928,2,198.0,3,0,2015-09-20 12:00:00
11401,928,14,26.0,8,0,2015-09-20 12:00:00
11402,928,8,139.0,4,0,2015-09-20 12:00:00
11403,928,9,69.0,5,0,2015-09-20 12:00:00
11404,928,0,17.0,9,0,2015-09-20 12:00:00
11405,928,205,50.0,6,0,2015-09-20 12:00:00
11406,928,206,0.0,10,0,2015-09-20 12:00:00
11407,928,129,463.0,1,10,2015-09-20 12:00:00
11408,928,5,310.0,2,3,2015-09-20 12:00:00
11409,928,4,41.0,7,0,2015-09-20 12:00:00
11410,929,5,337.0,2,3,2015-09-27 05:00:00
11411,929,129,506.0,1,11,2015-09-27 05:00:00
11412,929,14,26.0,8,0,2015-09-27 05:00:00
11413,929,9,77.0,5,0,2015-09-27 05:00:00
11414,929,205,60.0,6,0,2015-09-27 05:00:00
11415,929,206,0.0,10,0,2015-09-27 05:00:00
11416,929,0,17.0,9,0,2015-09-27 05:00:00
11417,929,8,139.0,4,0,2015-09-27 05:00:00
11418,929,2,208.0,3,0,2015-09-27 05:00:00
11419,929,4,44.0,7,0,2015-09-27 05:00:00
11420,930,129,531.0,1,12,2015-10-11 11:00:00
11421,930,5,359.0,2,3,2015-10-11 11:00:00
11422,930,2,220.0,3,0,2015-10-11 11:00:00
11423,930,8,149.0,4,0,2015-10-11 11:00:00
11424,930,9,92.0,5,0,2015-10-11 11:00:00
11425,930,4,45.0,7,0,2015-10-11 11:00:00
11426,930,0,19.0,9,0,2015-10-11 11:00:00
11427,930,205,66.0,6,0,2015-10-11 11:00:00
11428,930,206,0.0,10,0,2015-10-11 11:00:00
11429,930,14,34.0,8,0,2015-10-11 11:00:00
11430,931,5,374.0,2,3,2015-10-25 19:00:00
11431,931,129,574.0,1,13,2015-10-25 19:00:00
11432,931,8,150.0,4,0,2015-10-25 19:00:00
11433,931,14,36.0,8,0,2015-10-25 19:00:00
11434,931,4,63.0,7,0,2015-10-25 19:00:00
11435,931,9,102.0,5,0,2015-10-25 19:00:00
11436,931,205,70.0,6,0,2015-10-25 19:00:00
11437,931,206,0.0,10,0,2015-10-25 19:00:00
11438,931,2,220.0,3,0,2015-10-25 19:00:00
11439,931,0,27.0,9,0,2015-10-25 19:00:00
11440,932,206,0.0,10,0,2015-11-01 19:00:00
11441,932,0,27.0,9,0,2015-11-01 19:00:00
11442,932,4,65.0,7,0,2015-11-01 19:00:00
11443,932,2,243.0,3,0,2015-11-01 19:00:00
11444,932,8,172.0,4,0,2015-11-01 19:00:00
11445,932,5,374.0,2,3,2015-11-01 19:00:00
11446,932,129,617.0,1,14,2015-11-01 19:00:00
11447,932,205,71.0,6,0,2015-11-01 19:00:00
11448,932,9,112.0,5,0,2015-11-01 19:00:00
11449,932,14,36.0,8,0,2015-11-01 19:00:00
11450,933,129,660.0,1,15,2015-11-15 16:00:00
11451,933,5,401.0,2,3,2015-11-15 16:00:00
11452,933,8,178.0,4,0,2015-11-15 16:00:00
11453,933,0,27.0,9,0,2015-11-15 16:00:00
11454,933,4,67.0,7,0,2015-11-15 16:00:00
11455,933,206,0.0,10,0,2015-11-15 16:00:00
11456,933,14,36.0,8,0,2015-11-15 16:00:00
11457,933,9,120.0,5,0,2015-11-15 16:00:00
11458,933,205,76.0,6,0,2015-11-15 16:00:00
11459,933,2,253.0,3,0,2015-11-15 16:00:00
11460,934,5,428.0,2,3,2015-11-29 13:00:00
11461,934,129,703.0,1,16,2015-11-29 13:00:00
11462,934,8,187.0,4,0,2015-11-29 13:00:00
11463,934,205,78.0,6,0,2015-11-29 13:00:00
11464,934,4,67.0,7,0,2015-11-29 13:00:00
11465,934,0,27.0,9,0,2015-11-29 13:00:00
11466,934,206,0.0,10,0,2015-11-29 13:00:00
11467,934,14,36.0,8,0,2015-11-29 13:00:00
11468,934,9,136.0,5,0,2015-11-29 13:00:00
11469,934,2,257.0,3,0,2015-11-29 13:00:00
11470,935,2,14.0,3,0,2016-03-20 05:00:00
11471,935,5,15.0,2,0,2016-03-20 05:00:00
11472,935,8,12.0,4,0,2016-03-20 05:00:00
11473,935,207,8.0,5,0,2016-03-20 05:00:00
11474,935,14,0.0,10,0,2016-03-20 05:00:00
11475,935,4,3.0,7,0,2016-03-20 05:00:00
11476,935,3,0.0,8,0,2016-03-20 05:00:00
11477,935,0,0.0,9,0,2016-03-20 05:00:00
11478,935,206,0.0,11,0,2016-03-20 05:00:00
11479,935,129,43.0,1,1,2016-03-20 05:00:00
11480,935,9,6.0,6,0,2016-03-20 05:00:00
11481,936,206,0.0,11,0,2016-04-03 15:00:00
11482,936,14,0.0,10,0,2016-04-03 15:00:00
11483,936,0,1.0,8,0,2016-04-03 15:00:00
11484,936,3,0.0,9,0,2016-04-03 15:00:00
11485,936,9,6.0,7,0,2016-04-03 15:00:00
11486,936,207,18.0,5,0,2016-04-03 15:00:00
11487,936,2,20.0,4,0,2016-04-03 15:00:00
11488,936,8,30.0,3,0,2016-04-03 15:00:00
11489,936,5,33.0,2,0,2016-04-03 15:00:00
11490,936,129,83.0,1,2,2016-04-03 15:00:00
11491,936,4,11.0,6,0,2016-04-03 15:00:00
11492,937,0,1.0,8,0,2016-04-17 06:00:00
11493,937,206,0.0,11,0,2016-04-17 06:00:00
11494,937,14,0.0,10,0,2016-04-17 06:00:00
11495,937,3,0.0,9,0,2016-04-17 06:00:00
11496,937,129,114.0,1,3,2016-04-17 06:00:00
11497,937,9,6.0,7,0,2016-04-17 06:00:00
11498,937,8,57.0,3,0,2016-04-17 06:00:00
11499,937,5,61.0,2,0,2016-04-17 06:00:00
11500,937,4,17.0,6,0,2016-04-17 06:00:00
11501,937,2,29.0,4,0,2016-04-17 06:00:00
11502,937,207,18.0,5,0,2016-04-17 06:00:00
11503,938,5,76.0,2,0,2016-05-01 12:00:00
11504,938,8,57.0,3,0,2016-05-01 12:00:00
11505,938,2,51.0,4,0,2016-05-01 12:00:00
11506,938,207,22.0,5,0,2016-05-01 12:00:00
11507,938,9,8.0,8,0,2016-05-01 12:00:00
11508,938,3,6.0,9,0,2016-05-01 12:00:00
11509,938,0,10.0,7,0,2016-05-01 12:00:00
11510,938,14,0.0,10,0,2016-05-01 12:00:00
11511,938,206,0.0,11,0,2016-05-01 12:00:00
11512,938,129,157.0,1,4,2016-05-01 12:00:00
11513,938,4,17.0,6,0,2016-05-01 12:00:00
11514,939,0,12.0,8,0,2016-05-15 12:00:00
11515,939,206,0.0,11,0,2016-05-15 12:00:00
11516,939,14,0.0,10,0,2016-05-15 12:00:00
11517,939,3,6.0,9,0,2016-05-15 12:00:00
11518,939,9,14.0,7,0,2016-05-15 12:00:00
11519,939,207,22.0,6,0,2016-05-15 12:00:00
11520,939,2,65.0,4,0,2016-05-15 12:00:00
11521,939,8,94.0,3,1,2016-05-15 12:00:00
11522,939,129,157.0,1,4,2016-05-15 12:00:00
11523,939,5,109.0,2,0,2016-05-15 12:00:00
11524,939,4,26.0,5,0,2016-05-15 12:00:00
11525,940,206,0.0,11,0,2016-05-29 12:00:00
11526,940,14,0.0,10,0,2016-05-29 12:00:00
11527,940,0,24.0,7,0,2016-05-29 12:00:00
11528,940,3,6.0,9,0,2016-05-29 12:00:00
11529,940,4,30.0,6,0,2016-05-29 12:00:00
11530,940,207,22.0,8,0,2016-05-29 12:00:00
11531,940,2,66.0,4,0,2016-05-29 12:00:00
11532,940,8,112.0,3,1,2016-05-29 12:00:00
11533,940,5,121.0,2,0,2016-05-29 12:00:00
11534,940,129,188.0,1,5,2016-05-29 12:00:00
11535,940,9,37.0,5,0,2016-05-29 12:00:00
11536,941,0,24.0,7,0,2016-06-12 18:00:00
11537,941,206,0.0,11,0,2016-06-12 18:00:00
11538,941,14,0.0,10,0,2016-06-12 18:00:00
11539,941,3,6.0,9,0,2016-06-12 18:00:00
11540,941,9,42.0,5,0,2016-06-12 18:00:00
11541,941,207,22.0,8,0,2016-06-12 18:00:00
11542,941,2,81.0,4,0,2016-06-12 18:00:00
11543,941,8,130.0,3,1,2016-06-12 18:00:00
11544,941,4,32.0,6,0,2016-06-12 18:00:00
11545,941,5,147.0,2,0,2016-06-12 18:00:00
11546,941,129,223.0,1,6,2016-06-12 18:00:00
11547,942,129,258.0,1,7,2016-06-19 13:00:00
11548,942,206,0.0,11,0,2016-06-19 13:00:00
11549,942,14,0.0,10,0,2016-06-19 13:00:00
11550,942,0,24.0,7,0,2016-06-19 13:00:00
11551,942,3,6.0,9,0,2016-06-19 13:00:00
11552,942,4,32.0,6,0,2016-06-19 13:00:00
11553,942,9,59.0,5,0,2016-06-19 13:00:00
11554,942,207,22.0,8,0,2016-06-19 13:00:00
11555,942,2,90.0,4,0,2016-06-19 13:00:00
11556,942,8,140.0,3,1,2016-06-19 13:00:00
11557,942,5,177.0,2,0,2016-06-19 13:00:00
11558,943,206,1.0,10,0,2016-07-03 12:00:00
11559,943,14,0.0,11,0,2016-07-03 12:00:00
11560,943,0,32.0,7,0,2016-07-03 12:00:00
11561,943,8,168.0,3,1,2016-07-03 12:00:00
11562,943,4,36.0,6,0,2016-07-03 12:00:00
11563,943,9,59.0,5,0,2016-07-03 12:00:00
11564,943,207,28.0,8,0,2016-07-03 12:00:00
11565,943,2,92.0,4,0,2016-07-03 12:00:00
11566,943,5,192.0,2,0,2016-07-03 12:00:00
11567,943,129,295.0,1,8,2016-07-03 12:00:00
11568,943,3,6.0,9,0,2016-07-03 12:00:00
11569,944,14,0.0,11,0,2016-07-10 12:00:00
11570,944,206,1.0,10,0,2016-07-10 12:00:00
11571,944,0,32.0,7,0,2016-07-10 12:00:00
11572,944,8,198.0,3,1,2016-07-10 12:00:00
11573,944,4,41.0,6,0,2016-07-10 12:00:00
11574,944,9,73.0,5,0,2016-07-10 12:00:00
11575,944,207,28.0,8,0,2016-07-10 12:00:00
11576,944,129,335.0,1,9,2016-07-10 12:00:00
11577,944,5,204.0,2,0,2016-07-10 12:00:00
11578,944,2,92.0,4,0,2016-07-10 12:00:00
11579,944,3,6.0,9,0,2016-07-10 12:00:00
11580,945,206,1.0,10,0,2016-07-24 12:00:00
11581,945,14,0.0,11,0,2016-07-24 12:00:00
11582,945,0,38.0,7,0,2016-07-24 12:00:00
11583,945,3,6.0,9,0,2016-07-24 12:00:00
11584,945,9,74.0,5,0,2016-07-24 12:00:00
11585,945,207,28.0,8,0,2016-07-24 12:00:00
11586,945,2,94.0,4,0,2016-07-24 12:00:00
11587,945,8,223.0,3,1,2016-07-24 12:00:00
11588,945,5,224.0,2,0,2016-07-24 12:00:00
11589,945,129,378.0,1,10,2016-07-24 12:00:00
11590,945,4,45.0,6,0,2016-07-24 12:00:00
11591,946,14,0.0,11,0,2016-07-31 12:00:00
11592,946,206,1.0,10,0,2016-07-31 12:00:00
11593,946,0,42.0,7,0,2016-07-31 12:00:00
11594,946,8,256.0,2,1,2016-07-31 12:00:00
11595,946,4,45.0,6,0,2016-07-31 12:00:00
11596,946,5,242.0,3,0,2016-07-31 12:00:00
11597,946,2,96.0,4,0,2016-07-31 12:00:00
11598,946,3,6.0,9,0,2016-07-31 12:00:00
11599,946,129,415.0,1,11,2016-07-31 12:00:00
11600,946,9,81.0,5,0,2016-07-31 12:00:00
11601,946,207,28.0,8,0,2016-07-31 12:00:00
11602,947,8,274.0,2,1,2016-08-28 12:00:00
11603,947,2,101.0,5,0,2016-08-28 12:00:00
11604,947,207,28.0,8,0,2016-08-28 12:00:00
11605,947,9,103.0,4,0,2016-08-28 12:00:00
11606,947,4,45.0,7,0,2016-08-28 12:00:00
11607,947,3,6.0,9,0,2016-08-28 12:00:00
11608,947,0,48.0,6,0,2016-08-28 12:00:00
11609,947,14,0.0,11,0,2016-08-28 12:00:00
11610,947,206,1.0,10,0,2016-08-28 12:00:00
11611,947,5,252.0,3,0,2016-08-28 12:00:00
11612,947,129,455.0,1,12,2016-08-28 12:00:00
11613,948,206,1.0,10,0,2016-09-04 12:00:00
11614,948,14,0.0,11,0,2016-09-04 12:00:00
11615,948,3,6.0,9,0,2016-09-04 12:00:00
11616,948,0,48.0,6,0,2016-09-04 12:00:00
11617,948,207,28.0,8,0,2016-09-04 12:00:00
11618,948,129,498.0,1,13,2016-09-04 12:00:00
11619,948,5,279.0,3,0,2016-09-04 12:00:00
11620,948,4,45.0,7,0,2016-09-04 12:00:00
11621,948,9,108.0,5,0,2016-09-04 12:00:00
11622,948,8,290.0,2,1,2016-09-04 12:00:00
11623,948,2,111.0,4,0,2016-09-04 12:00:00
11624,949,8,316.0,2,1,2016-09-18 12:00:00
11625,949,2,111.0,5,0,2016-09-18 12:00:00
11626,949,207,28.0,8,0,2016-09-18 12:00:00
11627,949,129,538.0,1,14,2016-09-18 12:00:00
11628,949,4,47.0,7,0,2016-09-18 12:00:00
11629,949,3,7.0,9,0,2016-09-18 12:00:00
11630,949,0,54.0,6,0,2016-09-18 12:00:00
11631,949,14,0.0,11,0,2016-09-18 12:00:00
11632,949,206,1.0,10,0,2016-09-18 12:00:00
11633,949,5,301.0,3,0,2016-09-18 12:00:00
11634,949,9,112.0,4,0,2016-09-18 12:00:00
11635,950,0,62.0,6,0,2016-10-02 07:00:00
11636,950,206,1.0,10,0,2016-10-02 07:00:00
11637,950,3,8.0,9,0,2016-10-02 07:00:00
11638,950,14,0.0,11,0,2016-10-02 07:00:00
11639,950,9,124.0,4,0,2016-10-02 07:00:00
11640,950,4,47.0,7,0,2016-10-02 07:00:00
11641,950,2,121.0,5,0,2016-10-02 07:00:00
11642,950,5,313.0,3,0,2016-10-02 07:00:00
11643,950,8,359.0,2,2,2016-10-02 07:00:00
11644,950,207,28.0,8,0,2016-10-02 07:00:00
11645,950,129,553.0,1,14,2016-10-02 07:00:00
11646,951,8,385.0,2,2,2016-10-09 05:00:00
11647,951,5,335.0,3,0,2016-10-09 05:00:00
11648,951,129,593.0,1,15,2016-10-09 05:00:00
11649,951,14,0.0,11,0,2016-10-09 05:00:00
11650,951,206,1.0,10,0,2016-10-09 05:00:00
11651,951,3,8.0,9,0,2016-10-09 05:00:00
11652,951,4,47.0,7,0,2016-10-09 05:00:00
11653,951,9,134.0,4,0,2016-10-09 05:00:00
11654,951,207,28.0,8,0,2016-10-09 05:00:00
11655,951,2,124.0,5,0,2016-10-09 05:00:00
11656,951,0,62.0,6,0,2016-10-09 05:00:00
11657,952,8,400.0,2,2,2016-10-23 19:00:00
11658,952,206,1.0,10,0,2016-10-23 19:00:00
11659,952,129,636.0,1,16,2016-10-23 19:00:00
11660,952,207,29.0,8,0,2016-10-23 19:00:00
11661,952,5,347.0,3,0,2016-10-23 19:00:00
11662,952,9,138.0,4,0,2016-10-23 19:00:00
11663,952,4,55.0,7,0,2016-10-23 19:00:00
11664,952,3,8.0,9,0,2016-10-23 19:00:00
11665,952,14,0.0,11,0,2016-10-23 19:00:00
11666,952,0,74.0,6,0,2016-10-23 19:00:00
11667,952,2,130.0,5,0,2016-10-23 19:00:00
11668,953,207,29.0,8,0,2016-10-30 19:00:00
11669,953,129,679.0,1,17,2016-10-30 19:00:00
11670,953,8,427.0,2,2,2016-10-30 19:00:00
11671,953,2,136.0,5,0,2016-10-30 19:00:00
11672,953,0,74.0,6,0,2016-10-30 19:00:00
11673,953,4,55.0,7,0,2016-10-30 19:00:00
11674,953,3,8.0,9,0,2016-10-30 19:00:00
11675,953,5,365.0,3,0,2016-10-30 19:00:00
11676,953,14,0.0,11,0,2016-10-30 19:00:00
11677,953,206,1.0,10,0,2016-10-30 19:00:00
11678,953,9,145.0,4,0,2016-10-30 19:00:00
11679,954,5,375.0,3,0,2016-11-13 16:00:00
11680,954,129,722.0,1,18,2016-11-13 16:00:00
11681,954,206,1.0,11,0,2016-11-13 16:00:00
11682,954,14,2.0,10,0,2016-11-13 16:00:00
11683,954,3,8.0,9,0,2016-11-13 16:00:00
11684,954,4,63.0,7,0,2016-11-13 16:00:00
11685,954,9,163.0,4,0,2016-11-13 16:00:00
11686,954,207,29.0,8,0,2016-11-13 16:00:00
11687,954,2,136.0,5,0,2016-11-13 16:00:00
11688,954,8,446.0,2,2,2016-11-13 16:00:00
11689,954,0,75.0,6,0,2016-11-13 16:00:00
11690,955,14,2.0,10,0,2016-11-27 13:00:00
11691,955,206,1.0,11,0,2016-11-27 13:00:00
11692,955,0,76.0,6,0,2016-11-27 13:00:00
11693,955,207,29.0,8,0,2016-11-27 13:00:00
11694,955,4,63.0,7,0,2016-11-27 13:00:00
11695,955,9,173.0,4,0,2016-11-27 13:00:00
11696,955,129,765.0,1,19,2016-11-27 13:00:00
11697,955,5,398.0,3,0,2016-11-27 13:00:00
11698,955,8,468.0,2,2,2016-11-27 13:00:00
11699,955,3,8.0,9,0,2016-11-27 13:00:00
11700,955,2,138.0,5,0,2016-11-27 13:00:00
11701,956,5,37.0,1,1,2017-03-26 05:00:00
11702,956,207,0.0,10,0,2017-03-26 05:00:00
11703,956,0,0.0,9,0,2017-03-26 05:00:00
11704,956,14,0.0,8,0,2017-03-26 05:00:00
11705,956,3,0.0,7,0,2017-03-26 05:00:00
11706,956,4,6.0,6,0,2017-03-26 05:00:00
11707,956,9,7.0,5,0,2017-03-26 05:00:00
11708,956,2,8.0,4,0,2017-03-26 05:00:00
11709,956,8,10.0,3,0,2017-03-26 05:00:00
11710,956,129,33.0,2,0,2017-03-26 05:00:00
11711,957,207,4.0,7,0,2017-04-09 06:00:00
11712,957,0,0.0,10,0,2017-04-09 06:00:00
11713,957,8,37.0,3,0,2017-04-09 06:00:00
11714,957,3,0.0,8,0,2017-04-09 06:00:00
11715,957,4,12.0,4,0,2017-04-09 06:00:00
11716,957,9,10.0,5,0,2017-04-09 06:00:00
11717,957,2,8.0,6,0,2017-04-09 06:00:00
11718,957,129,66.0,1,1,2017-04-09 06:00:00
11719,957,5,65.0,2,1,2017-04-09 06:00:00
11720,957,14,0.0,9,0,2017-04-09 06:00:00
11721,958,207,8.0,7,0,2017-04-16 15:00:00
11722,958,0,0.0,10,0,2017-04-16 15:00:00
11723,958,8,47.0,3,0,2017-04-16 15:00:00
11724,958,3,2.0,8,0,2017-04-16 15:00:00
11725,958,4,12.0,6,0,2017-04-16 15:00:00
11726,958,5,102.0,1,2,2017-04-16 15:00:00
11727,958,129,99.0,2,1,2017-04-16 15:00:00
11728,958,2,16.0,5,0,2017-04-16 15:00:00
11729,958,9,17.0,4,0,2017-04-16 15:00:00
11730,958,14,0.0,9,0,2017-04-16 15:00:00
11731,959,207,8.0,7,0,2017-04-30 12:00:00
11732,959,0,0.0,10,0,2017-04-30 12:00:00
11733,959,14,0.0,9,0,2017-04-30 12:00:00
11734,959,4,13.0,6,0,2017-04-30 12:00:00
11735,959,9,31.0,4,0,2017-04-30 12:00:00
11736,959,2,18.0,5,0,2017-04-30 12:00:00
11737,959,8,57.0,3,0,2017-04-30 12:00:00
11738,959,129,136.0,1,2,2017-04-30 12:00:00
11739,959,5,135.0,2,2,2017-04-30 12:00:00
11740,959,3,6.0,8,0,2017-04-30 12:00:00
11741,960,207,9.0,8,0,2017-05-14 12:00:00
11742,960,0,0.0,10,0,2017-05-14 12:00:00
11743,960,9,53.0,4,0,2017-05-14 12:00:00
11744,960,3,14.0,7,0,2017-05-14 12:00:00
11745,960,2,18.0,6,0,2017-05-14 12:00:00
11746,960,8,72.0,3,0,2017-05-14 12:00:00
11747,960,129,161.0,1,3,2017-05-14 12:00:00
11748,960,5,153.0,2,2,2017-05-14 12:00:00
11749,960,14,4.0,9,0,2017-05-14 12:00:00
11750,960,4,21.0,5,0,2017-05-14 12:00:00
11751,961,9,53.0,4,0,2017-05-28 12:00:00
11752,961,4,29.0,5,0,2017-05-28 12:00:00
11753,961,3,14.0,7,0,2017-05-28 12:00:00
11754,961,14,4.0,9,0,2017-05-28 12:00:00
11755,961,0,0.0,10,0,2017-05-28 12:00:00
11756,961,207,14.0,8,0,2017-05-28 12:00:00
11757,961,8,97.0,3,0,2017-05-28 12:00:00
11758,961,129,179.0,2,3,2017-05-28 12:00:00
11759,961,5,196.0,1,3,2017-05-28 12:00:00
11760,961,2,20.0,6,0,2017-05-28 12:00:00
11761,962,207,15.0,8,0,2017-06-11 18:00:00
11762,962,0,0.0,10,0,2017-06-11 18:00:00
11763,962,4,29.0,5,0,2017-06-11 18:00:00
11764,962,3,18.0,7,0,2017-06-11 18:00:00
11765,962,9,71.0,4,0,2017-06-11 18:00:00
11766,962,2,22.0,6,0,2017-06-11 18:00:00
11767,962,8,112.0,3,0,2017-06-11 18:00:00
11768,962,129,222.0,1,4,2017-06-11 18:00:00
11769,962,5,214.0,2,3,2017-06-11 18:00:00
11770,962,14,4.0,9,0,2017-06-11 18:00:00
11771,963,207,21.0,7,0,2017-06-25 13:00:00
11772,963,0,2.0,10,0,2017-06-25 13:00:00
11773,963,4,33.0,6,0,2017-06-25 13:00:00
11774,963,3,18.0,8,0,2017-06-25 13:00:00
11775,963,5,226.0,2,3,2017-06-25 13:00:00
11776,963,129,250.0,1,4,2017-06-25 13:00:00
11777,963,2,37.0,5,0,2017-06-25 13:00:00
11778,963,14,5.0,9,0,2017-06-25 13:00:00
11779,963,8,137.0,3,1,2017-06-25 13:00:00
11780,963,9,79.0,4,0,2017-06-25 13:00:00
11781,964,9,89.0,4,0,2017-07-09 12:00:00
11782,964,4,33.0,6,0,2017-07-09 12:00:00
11783,964,3,18.0,8,0,2017-07-09 12:00:00
11784,964,8,152.0,3,1,2017-07-09 12:00:00
11785,964,0,2.0,10,0,2017-07-09 12:00:00
11786,964,207,29.0,7,0,2017-07-09 12:00:00
11787,964,129,287.0,1,5,2017-07-09 12:00:00
11788,964,5,254.0,2,3,2017-07-09 12:00:00
11789,964,2,40.0,5,0,2017-07-09 12:00:00
11790,964,14,5.0,9,0,2017-07-09 12:00:00
11791,965,0,2.0,10,0,2017-07-16 12:00:00
11792,965,207,29.0,7,0,2017-07-16 12:00:00
11793,965,14,5.0,9,0,2017-07-16 12:00:00
11794,965,4,33.0,6,0,2017-07-16 12:00:00
11795,965,9,95.0,4,0,2017-07-16 12:00:00
11796,965,5,275.0,2,3,2017-07-16 12:00:00
11797,965,129,330.0,1,6,2017-07-16 12:00:00
11798,965,3,26.0,8,0,2017-07-16 12:00:00
11799,965,8,174.0,3,1,2017-07-16 12:00:00
11800,965,2,41.0,5,0,2017-07-16 12:00:00
11801,966,207,29.0,7,0,2017-07-30 12:00:00
11802,966,0,11.0,9,0,2017-07-30 12:00:00
11803,966,14,5.0,10,0,2017-07-30 12:00:00
11804,966,3,26.0,8,0,2017-07-30 12:00:00
11805,966,4,39.0,6,0,2017-07-30 12:00:00
11806,966,9,101.0,4,0,2017-07-30 12:00:00
11807,966,2,41.0,5,0,2017-07-30 12:00:00
11808,966,8,184.0,3,1,2017-07-30 12:00:00
11809,966,129,357.0,1,6,2017-07-30 12:00:00
11810,966,5,318.0,2,4,2017-07-30 12:00:00
11811,967,207,35.0,7,0,2017-08-27 12:00:00
11812,967,0,11.0,9,0,2017-08-27 12:00:00
11813,967,8,199.0,3,1,2017-08-27 12:00:00
11814,967,3,34.0,8,0,2017-08-27 12:00:00
11815,967,4,40.0,6,0,2017-08-27 12:00:00
11816,967,9,103.0,4,0,2017-08-27 12:00:00
11817,967,2,45.0,5,0,2017-08-27 12:00:00
11818,967,129,392.0,1,7,2017-08-27 12:00:00
11819,967,5,348.0,2,4,2017-08-27 12:00:00
11820,967,14,5.0,10,0,2017-08-27 12:00:00
11821,968,207,35.0,7,0,2017-09-03 12:00:00
11822,968,0,11.0,9,0,2017-09-03 12:00:00
11823,968,8,212.0,3,1,2017-09-03 12:00:00
11824,968,3,34.0,8,0,2017-09-03 12:00:00
11825,968,4,40.0,6,0,2017-09-03 12:00:00
11826,968,5,373.0,2,4,2017-09-03 12:00:00
11827,968,129,435.0,1,8,2017-09-03 12:00:00
11828,968,2,55.0,5,0,2017-09-03 12:00:00
11829,968,9,113.0,4,0,2017-09-03 12:00:00
11830,968,14,5.0,10,0,2017-09-03 12:00:00
11831,969,207,37.0,8,0,2017-09-17 12:00:00
11832,969,0,17.0,9,0,2017-09-17 12:00:00
11833,969,14,5.0,10,0,2017-09-17 12:00:00
11834,969,4,52.0,6,0,2017-09-17 12:00:00
11835,969,9,124.0,4,0,2017-09-17 12:00:00
11836,969,2,59.0,5,0,2017-09-17 12:00:00
11837,969,8,230.0,3,1,2017-09-17 12:00:00
11838,969,129,475.0,1,9,2017-09-17 12:00:00
11839,969,5,373.0,2,4,2017-09-17 12:00:00
11840,969,3,42.0,7,0,2017-09-17 12:00:00
11841,970,207,37.0,8,0,2017-10-01 07:00:00
11842,970,0,23.0,9,0,2017-10-01 07:00:00
11843,970,9,133.0,4,0,2017-10-01 07:00:00
11844,970,3,42.0,7,0,2017-10-01 07:00:00
11845,970,5,385.0,2,4,2017-10-01 07:00:00
11846,970,129,503.0,1,9,2017-10-01 07:00:00
11847,970,2,65.0,5,0,2017-10-01 07:00:00
11848,970,14,5.0,10,0,2017-10-01 07:00:00
11849,970,8,270.0,3,2,2017-10-01 07:00:00
11850,970,4,52.0,6,0,2017-10-01 07:00:00
11851,971,9,147.0,4,0,2017-10-08 05:00:00
11852,971,2,66.0,5,0,2017-10-08 05:00:00
11853,971,129,540.0,1,10,2017-10-08 05:00:00
11854,971,5,395.0,2,4,2017-10-08 05:00:00
11855,971,8,303.0,3,2,2017-10-08 05:00:00
11856,971,4,52.0,6,0,2017-10-08 05:00:00
11857,971,3,42.0,8,0,2017-10-08 05:00:00
11858,971,14,5.0,10,0,2017-10-08 05:00:00
11859,971,207,43.0,7,0,2017-10-08 05:00:00
11860,971,0,23.0,9,0,2017-10-08 05:00:00
11861,972,5,428.0,2,4,2017-10-22 19:00:00
11862,972,207,43.0,8,0,2017-10-22 19:00:00
11863,972,0,23.0,9,0,2017-10-22 19:00:00
11864,972,3,48.0,7,0,2017-10-22 19:00:00
11865,972,4,53.0,6,0,2017-10-22 19:00:00
11866,972,9,159.0,4,0,2017-10-22 19:00:00
11867,972,2,68.0,5,0,2017-10-22 19:00:00
11868,972,8,315.0,3,2,2017-10-22 19:00:00
11869,972,129,575.0,1,11,2017-10-22 19:00:00
11870,972,14,5.0,10,0,2017-10-22 19:00:00
11871,973,207,47.0,8,0,2017-10-29 19:00:00
11872,973,0,24.0,9,0,2017-10-29 19:00:00
11873,973,2,76.0,5,0,2017-10-29 19:00:00
11874,973,3,48.0,7,0,2017-10-29 19:00:00
11875,973,4,53.0,6,0,2017-10-29 19:00:00
11876,973,9,175.0,4,0,2017-10-29 19:00:00
11877,973,8,340.0,3,3,2017-10-29 19:00:00
11878,973,129,595.0,1,11,2017-10-29 19:00:00
11879,973,5,455.0,2,4,2017-10-29 19:00:00
11880,973,14,5.0,10,0,2017-10-29 19:00:00
11881,974,207,47.0,8,0,2017-11-12 16:00:00
11882,974,0,28.0,9,0,2017-11-12 16:00:00
11883,974,2,82.0,5,0,2017-11-12 16:00:00
11884,974,3,49.0,7,0,2017-11-12 16:00:00
11885,974,4,53.0,6,0,2017-11-12 16:00:00
11886,974,5,495.0,2,5,2017-11-12 16:00:00
11887,974,129,625.0,1,11,2017-11-12 16:00:00
11888,974,8,358.0,3,3,2017-11-12 16:00:00
11889,974,9,177.0,4,0,2017-11-12 16:00:00
11890,974,14,5.0,10,0,2017-11-12 16:00:00
11891,975,207,47.0,8,0,2017-11-26 13:00:00
11892,975,0,30.0,9,0,2017-11-26 13:00:00
11893,975,14,5.0,10,0,2017-11-26 13:00:00
11894,975,4,53.0,7,0,2017-11-26 13:00:00
11895,975,9,187.0,4,0,2017-11-26 13:00:00
11896,975,2,83.0,5,0,2017-11-26 13:00:00
11897,975,8,368.0,3,3,2017-11-26 13:00:00
11898,975,129,668.0,1,12,2017-11-26 13:00:00
11899,975,5,522.0,2,5,2017-11-26 13:00:00
11900,975,3,57.0,6,0,2017-11-26 13:00:00
11901,976,207,0.0,10,0,2018-03-25 05:10:00
11902,976,2,0.0,8,0,2018-03-25 05:10:00
11903,976,4,0.0,9,0,2018-03-25 05:10:00
11904,976,5,40.0,1,1,2018-03-25 05:10:00
11905,976,9,0.0,6,0,2018-03-25 05:10:00
11906,976,8,20.0,3,0,2018-03-25 05:10:00
11907,976,129,22.0,2,0,2018-03-25 05:10:00
11908,976,14,0.0,7,0,2018-03-25 05:10:00
11909,976,0,12.0,4,0,2018-03-25 05:10:00
11910,976,3,7.0,5,0,2018-03-25 05:10:00
11911,977,5,65.0,1,2,2018-04-08 15:10:00
11912,977,129,55.0,2,0,2018-04-08 15:10:00
11913,977,9,1.0,9,0,2018-04-08 15:10:00
11914,977,3,15.0,5,0,2018-04-08 15:10:00
11915,977,0,22.0,3,0,2018-04-08 15:10:00
11916,977,8,20.0,4,0,2018-04-08 15:10:00
11917,977,2,0.0,10,0,2018-04-08 15:10:00
11918,977,4,12.0,6,0,2018-04-08 15:10:00
11919,977,14,2.0,8,0,2018-04-08 15:10:00
11920,977,207,10.0,7,0,2018-04-08 15:10:00
11921,978,207,11.0,7,0,2018-04-15 06:10:00
11922,978,4,12.0,6,0,2018-04-15 06:10:00
11923,978,8,55.0,3,1,2018-04-15 06:10:00
11924,978,14,2.0,8,0,2018-04-15 06:10:00
11925,978,9,1.0,9,0,2018-04-15 06:10:00
11926,978,3,25.0,5,0,2018-04-15 06:10:00
11927,978,0,28.0,4,0,2018-04-15 06:10:00
11928,978,129,85.0,1,0,2018-04-15 06:10:00
11929,978,5,84.0,2,2,2018-04-15 06:10:00
11930,978,2,0.0,10,0,2018-04-15 06:10:00
11931,979,207,11.0,8,0,2018-04-29 12:10:00
11932,979,4,13.0,7,0,2018-04-29 12:10:00
11933,979,8,55.0,3,1,2018-04-29 12:10:00
11934,979,14,10.0,9,0,2018-04-29 12:10:00
11935,979,5,114.0,1,2,2018-04-29 12:10:00
11936,979,0,36.0,4,0,2018-04-29 12:10:00
11937,979,3,35.0,5,0,2018-04-29 12:10:00
11938,979,2,4.0,10,0,2018-04-29 12:10:00
11939,979,129,110.0,2,1,2018-04-29 12:10:00
11940,979,9,16.0,6,0,2018-04-29 12:10:00
11941,980,3,41.0,4,0,2018-05-13 13:10:00
11942,980,9,18.0,7,0,2018-05-13 13:10:00
11943,980,8,80.0,3,1,2018-05-13 13:10:00
11944,980,2,4.0,10,0,2018-05-13 13:10:00
11945,980,4,13.0,8,0,2018-05-13 13:10:00
11946,980,207,19.0,6,0,2018-05-13 13:10:00
11947,980,129,153.0,1,2,2018-05-13 13:10:00
11948,980,5,126.0,2,2,2018-05-13 13:10:00
11949,980,0,40.0,5,0,2018-05-13 13:10:00
11950,980,14,11.0,9,0,2018-05-13 13:10:00
11951,981,207,19.0,8,0,2018-05-27 13:10:00
11952,981,4,19.0,7,0,2018-05-27 13:10:00
11953,981,0,40.0,5,0,2018-05-27 13:10:00
11954,981,14,11.0,9,0,2018-05-27 13:10:00
11955,981,129,178.0,1,2,2018-05-27 13:10:00
11956,981,8,107.0,3,2,2018-05-27 13:10:00
11957,981,3,46.0,4,0,2018-05-27 13:10:00
11958,981,2,4.0,10,0,2018-05-27 13:10:00
11959,981,5,156.0,2,2,2018-05-27 13:10:00
11960,981,9,26.0,6,0,2018-05-27 13:10:00
11961,982,3,56.0,4,0,2018-06-10 18:10:00
11962,982,9,28.0,6,0,2018-06-10 18:10:00
11963,982,14,12.0,9,0,2018-06-10 18:10:00
11964,982,2,4.0,10,0,2018-06-10 18:10:00
11965,982,4,19.0,7,0,2018-06-10 18:10:00
11966,982,207,19.0,8,0,2018-06-10 18:10:00
11967,982,5,189.0,2,3,2018-06-10 18:10:00
11968,982,8,134.0,3,2,2018-06-10 18:10:00
11969,982,129,206.0,1,2,2018-06-10 18:10:00
11970,982,0,40.0,5,0,2018-06-10 18:10:00
11971,983,207,27.0,7,0,2018-06-24 14:10:00
11972,983,4,19.0,8,0,2018-06-24 14:10:00
11973,983,9,28.0,6,0,2018-06-24 14:10:00
11974,983,14,13.0,9,0,2018-06-24 14:10:00
11975,983,3,62.0,4,0,2018-06-24 14:10:00
11976,983,0,40.0,5,0,2018-06-24 14:10:00
11977,983,8,164.0,3,2,2018-06-24 14:10:00
11978,983,129,237.0,1,3,2018-06-24 14:10:00
11979,983,5,214.0,2,3,2018-06-24 14:10:00
11980,983,2,4.0,10,0,2018-06-24 14:10:00
11981,984,207,49.0,5,0,2018-07-01 13:10:00
11982,984,4,19.0,8,0,2018-07-01 13:10:00
11983,984,9,42.0,7,0,2018-07-01 13:10:00
11984,984,14,16.0,9,0,2018-07-01 13:10:00
11985,984,3,62.0,4,0,2018-07-01 13:10:00
11986,984,5,247.0,1,3,2018-07-01 13:10:00
11987,984,129,237.0,2,3,2018-07-01 13:10:00
11988,984,8,189.0,3,3,2018-07-01 13:10:00
11989,984,0,44.0,6,0,2018-07-01 13:10:00
11990,984,2,4.0,10,0,2018-07-01 13:10:00
11991,985,207,51.0,5,0,2018-07-08 13:10:00
11992,985,4,19.0,8,0,2018-07-08 13:10:00
11993,985,2,4.0,10,0,2018-07-08 13:10:00
11994,985,9,49.0,6,0,2018-07-08 13:10:00
11995,985,3,70.0,4,0,2018-07-08 13:10:00
11996,985,0,48.0,7,0,2018-07-08 13:10:00
11997,985,8,199.0,3,3,2018-07-08 13:10:00
11998,985,129,267.0,2,3,2018-07-08 13:10:00
11999,985,5,287.0,1,4,2018-07-08 13:10:00
12000,985,14,16.0,9,0,2018-07-08 13:10:00
12001,986,207,59.0,6,0,2018-07-22 13:10:00
12002,986,4,20.0,8,0,2018-07-22 13:10:00
12003,986,9,59.0,5,0,2018-07-22 13:10:00
12004,986,14,18.0,9,0,2018-07-22 13:10:00
12005,986,5,302.0,2,4,2018-07-22 13:10:00
12006,986,129,310.0,1,4,2018-07-22 13:10:00
12007,986,0,48.0,7,0,2018-07-22 13:10:00
12008,986,2,4.0,10,0,2018-07-22 13:10:00
12009,986,8,211.0,3,3,2018-07-22 13:10:00
12010,986,3,80.0,4,0,2018-07-22 13:10:00
12011,987,3,82.0,4,0,2018-07-29 13:10:00
12012,987,9,59.0,6,0,2018-07-29 13:10:00
12013,987,14,18.0,9,0,2018-07-29 13:10:00
12014,987,2,4.0,10,0,2018-07-29 13:10:00
12015,987,4,28.0,8,0,2018-07-29 13:10:00
12016,987,207,66.0,5,0,2018-07-29 13:10:00
12017,987,5,335.0,2,4,2018-07-29 13:10:00
12018,987,129,345.0,1,5,2018-07-29 13:10:00
12019,987,0,52.0,7,0,2018-07-29 13:10:00
12020,987,8,223.0,3,3,2018-07-29 13:10:00
12021,988,207,76.0,5,0,2018-08-26 13:10:00
12022,988,4,30.0,7,0,2018-08-26 13:10:00
12023,988,2,4.0,10,0,2018-08-26 13:10:00
12024,988,9,18.0,9,0,2018-08-26 13:10:00
12025,988,3,82.0,4,0,2018-08-26 13:10:00
12026,988,0,52.0,6,0,2018-08-26 13:10:00
12027,988,5,360.0,2,5,2018-08-26 13:10:00
12028,988,129,375.0,1,5,2018-08-26 13:10:00
12029,988,8,238.0,3,3,2018-08-26 13:10:00
12030,988,14,19.0,8,0,2018-08-26 13:10:00
12031,989,3,86.0,4,0,2018-09-02 13:10:00
12032,989,8,248.0,3,3,2018-09-02 13:10:00
12033,989,5,390.0,2,5,2018-09-02 13:10:00
12034,989,207,76.0,5,0,2018-09-02 13:10:00
12035,989,129,415.0,1,6,2018-09-02 13:10:00
12036,989,0,52.0,6,0,2018-09-02 13:10:00
12037,989,9,32.0,7,0,2018-09-02 13:10:00
12038,989,2,7.0,10,0,2018-09-02 13:10:00
12039,989,14,19.0,9,0,2018-09-02 13:10:00
12040,989,4,30.0,8,0,2018-09-02 13:10:00
12041,990,4,30.0,8,0,2018-09-16 12:10:00
12042,990,207,76.0,5,0,2018-09-16 12:10:00
12043,990,2,7.0,10,0,2018-09-16 12:10:00
12044,990,9,32.0,7,0,2018-09-16 12:10:00
12045,990,3,91.0,4,0,2018-09-16 12:10:00
12046,990,0,58.0,6,0,2018-09-16 12:10:00
12047,990,5,415.0,2,5,2018-09-16 12:10:00
12048,990,129,452.0,1,7,2018-09-16 12:10:00
12049,990,8,274.0,3,3,2018-09-16 12:10:00
12050,990,14,21.0,9,0,2018-09-16 12:10:00
12051,991,207,80.0,5,0,2018-09-30 11:10:00
12052,991,4,30.0,8,0,2018-09-30 11:10:00
12053,991,5,442.0,2,5,2018-09-30 11:10:00
12054,991,14,27.0,9,0,2018-09-30 11:10:00
12055,991,2,7.0,10,0,2018-09-30 11:10:00
12056,991,0,58.0,6,0,2018-09-30 11:10:00
12057,991,8,292.0,3,3,2018-09-30 11:10:00
12058,991,129,495.0,1,8,2018-09-30 11:10:00
12059,991,3,91.0,4,0,2018-09-30 11:10:00
12060,991,9,35.0,7,0,2018-09-30 11:10:00
12061,992,3,92.0,4,0,2018-10-07 05:10:00
12062,992,9,43.0,7,0,2018-10-07 05:10:00
12063,992,14,27.0,9,0,2018-10-07 05:10:00
12064,992,2,7.0,10,0,2018-10-07 05:10:00
12065,992,4,30.0,8,0,2018-10-07 05:10:00
12066,992,207,84.0,5,0,2018-10-07 05:10:00
12067,992,5,460.0,2,5,2018-10-07 05:10:00
12068,992,129,538.0,1,9,2018-10-07 05:10:00
12069,992,8,319.0,3,3,2018-10-07 05:10:00
12070,992,0,58.0,6,0,2018-10-07 05:10:00
12071,993,3,106.0,4,0,2018-10-21 18:10:00
12072,993,8,337.0,3,3,2018-10-21 18:10:00
12073,993,129,563.0,1,9,2018-10-21 18:10:00
12074,993,14,28.0,9,0,2018-10-21 18:10:00
12075,993,0,58.0,6,0,2018-10-21 18:10:00
12076,993,9,47.0,7,0,2018-10-21 18:10:00
12077,993,2,7.0,10,0,2018-10-21 18:10:00
12078,993,4,32.0,8,0,2018-10-21 18:10:00
12079,993,207,84.0,5,0,2018-10-21 18:10:00
12080,993,5,497.0,2,6,2018-10-21 18:10:00
12081,994,207,84.0,5,0,2018-10-28 19:10:00
12082,994,4,33.0,9,0,2018-10-28 19:10:00
12083,994,9,47.0,7,0,2018-10-28 19:10:00
12084,994,14,36.0,8,0,2018-10-28 19:10:00
12085,994,3,114.0,4,0,2018-10-28 19:10:00
12086,994,5,530.0,2,6,2018-10-28 19:10:00
12087,994,129,585.0,1,9,2018-10-28 19:10:00
12088,994,8,362.0,3,4,2018-10-28 19:10:00
12089,994,0,62.0,6,0,2018-10-28 19:10:00
12090,994,2,7.0,10,0,2018-10-28 19:10:00
12091,995,207,90.0,5,0,2018-11-11 17:10:00
12092,995,4,33.0,9,0,2018-11-11 17:10:00
12093,995,2,7.0,10,0,2018-11-11 17:10:00
12094,995,9,48.0,7,0,2018-11-11 17:10:00
12095,995,3,114.0,4,0,2018-11-11 17:10:00
12096,995,0,62.0,6,0,2018-11-11 17:10:00
12097,995,8,392.0,3,4,2018-11-11 17:10:00
12098,995,129,620.0,1,10,2018-11-11 17:10:00
12099,995,5,553.0,2,6,2018-11-11 17:10:00
12100,995,14,42.0,8,0,2018-11-11 17:10:00
12101,996,207,93.0,5,0,2018-11-25 13:10:00
12102,996,4,33.0,9,0,2018-11-25 13:10:00
12103,996,9,52.0,7,0,2018-11-25 13:10:00
12104,996,14,48.0,8,0,2018-11-25 13:10:00
12105,996,5,571.0,2,6,2018-11-25 13:10:00
12106,996,129,655.0,1,11,2018-11-25 13:10:00
12107,996,0,62.0,6,0,2018-11-25 13:10:00
12108,996,2,7.0,10,0,2018-11-25 13:10:00
12109,996,8,419.0,3,4,2018-11-25 13:10:00
12110,996,3,122.0,4,0,2018-11-25 13:10:00
12111,997,129,44.0,1,1,2019-03-17 05:10:00
12112,997,49,4.0,6,0,2019-03-17 05:10:00
12113,997,208,2.0,7,0,2019-03-17 05:10:00
12114,997,4,1.0,8,0,2019-03-17 05:10:00
12115,997,0,0.0,9,0,2019-03-17 05:10:00
12116,997,2,0.0,10,0,2019-03-17 05:10:00
12117,997,3,6.0,5,0,2019-03-17 05:10:00
12118,997,207,8.0,4,0,2019-03-17 05:10:00
12119,997,8,15.0,3,0,2019-03-17 05:10:00
12120,997,5,22.0,2,0,2019-03-17 05:10:00
12121,998,207,8.0,6,0,2019-03-31 15:10:00
12122,998,3,6.0,7,0,2019-03-31 15:10:00
12123,998,129,87.0,1,2,2019-03-31 15:10:00
12124,998,49,10.0,4,0,2019-03-31 15:10:00
12125,998,2,0.0,10,0,2019-03-31 15:10:00
12126,998,4,3.0,8,0,2019-03-31 15:10:00
12127,998,8,31.0,3,0,2019-03-31 15:10:00
12128,998,208,3.0,9,0,2019-03-31 15:10:00
12129,998,5,48.0,2,0,2019-03-31 15:10:00
12130,998,0,8.0,5,0,2019-03-31 15:10:00
12131,999,207,8.0,6,0,2019-04-14 06:10:00
12132,999,3,12.0,4,0,2019-04-14 06:10:00
12133,999,49,12.0,5,0,2019-04-14 06:10:00
12134,999,208,7.0,8,0,2019-04-14 06:10:00
12135,999,8,52.0,3,0,2019-04-14 06:10:00
12136,999,0,8.0,7,0,2019-04-14 06:10:00
12137,999,2,0.0,10,0,2019-04-14 06:10:00
12138,999,129,130.0,1,3,2019-04-14 06:10:00
12139,999,5,73.0,2,0,2019-04-14 06:10:00
12140,999,4,4.0,9,0,2019-04-14 06:10:00
12141,1000,0,18.0,4,0,2019-04-28 12:10:00
12142,1000,2,0.0,10,0,2019-04-28 12:10:00
12143,1000,4,4.0,9,0,2019-04-28 12:10:00
12144,1000,49,13.0,6,0,2019-04-28 12:10:00
12145,1000,3,12.0,7,0,2019-04-28 12:10:00
12146,1000,129,173.0,1,4,2019-04-28 12:10:00
12147,1000,8,64.0,3,0,2019-04-28 12:10:00
12148,1000,207,8.0,8,0,2019-04-28 12:10:00
12149,1000,5,99.0,2,0,2019-04-28 12:10:00
12150,1000,208,17.0,5,0,2019-04-28 12:10:00
12151,1001,2,0.0,10,0,2019-05-12 13:10:00
12152,1001,0,22.0,4,0,2019-05-12 13:10:00
12153,1001,5,121.0,2,0,2019-05-12 13:10:00
12154,1001,208,17.0,5,0,2019-05-12 13:10:00
12155,1001,4,6.0,9,0,2019-05-12 13:10:00
12156,1001,207,15.0,6,0,2019-05-12 13:10:00
12157,1001,8,87.0,3,0,2019-05-12 13:10:00
12158,1001,129,217.0,1,5,2019-05-12 13:10:00
12159,1001,3,12.0,8,0,2019-05-12 13:10:00
12160,1001,49,13.0,7,0,2019-05-12 13:10:00
12161,1002,3,14.0,8,0,2019-05-26 13:10:00
12162,1002,49,13.0,9,0,2019-05-26 13:10:00
12163,1002,208,17.0,5,0,2019-05-26 13:10:00
12164,1002,4,16.0,7,0,2019-05-26 13:10:00
12165,1002,0,30.0,4,0,2019-05-26 13:10:00
12166,1002,2,0.0,10,0,2019-05-26 13:10:00
12167,1002,129,257.0,1,6,2019-05-26 13:10:00
12168,1002,8,110.0,3,0,2019-05-26 13:10:00
12169,1002,5,139.0,2,0,2019-05-26 13:10:00
12170,1002,207,16.0,6,0,2019-05-26 13:10:00
12171,1003,2,0.0,10,0,2019-06-09 18:10:00
12172,1003,0,30.0,4,0,2019-06-09 18:10:00
12173,1003,4,17.0,7,0,2019-06-09 18:10:00
12174,1003,208,19.0,6,0,2019-06-09 18:10:00
12175,1003,49,13.0,9,0,2019-06-09 18:10:00
12176,1003,3,28.0,5,0,2019-06-09 18:10:00
12177,1003,129,295.0,1,7,2019-06-09 18:10:00
12178,1003,207,16.0,8,0,2019-06-09 18:10:00
12179,1003,5,172.0,2,0,2019-06-09 18:10:00
12180,1003,8,124.0,3,0,2019-06-09 18:10:00
12181,1004,129,338.0,1,8,2019-06-23 13:10:00
12182,1004,8,137.0,3,0,2019-06-23 13:10:00
12183,1004,5,198.0,2,0,2019-06-23 13:10:00
12184,1004,49,19.0,7,0,2019-06-23 13:10:00
12185,1004,3,32.0,5,0,2019-06-23 13:10:00
12186,1004,208,19.0,6,0,2019-06-23 13:10:00
12187,1004,0,40.0,4,0,2019-06-23 13:10:00
12188,1004,4,17.0,8,0,2019-06-23 13:10:00
12189,1004,207,16.0,9,0,2019-06-23 13:10:00
12190,1004,2,0.0,10,0,2019-06-23 13:10:00
12191,1005,0,52.0,4,0,2019-06-30 13:10:00
12192,1005,2,0.0,10,0,2019-06-30 13:10:00
12193,1005,4,17.0,8,0,2019-06-30 13:10:00
12194,1005,49,22.0,6,0,2019-06-30 13:10:00
12195,1005,3,32.0,5,0,2019-06-30 13:10:00
12196,1005,8,169.0,3,1,2019-06-30 13:10:00
12197,1005,129,363.0,1,8,2019-06-30 13:10:00
12198,1005,207,16.0,9,0,2019-06-30 13:10:00
12199,1005,5,228.0,2,0,2019-06-30 13:10:00
12200,1005,208,19.0,7,0,2019-06-30 13:10:00
12201,1006,2,0.0,10,0,2019-07-14 13:10:00
12202,1006,0,60.0,4,0,2019-07-14 13:10:00
12203,1006,5,243.0,2,0,2019-07-14 13:10:00
12204,1006,208,19.0,7,0,2019-07-14 13:10:00
12205,1006,207,16.0,9,0,2019-07-14 13:10:00
12206,1006,3,39.0,5,0,2019-07-14 13:10:00
12207,1006,8,191.0,3,1,2019-07-14 13:10:00
12208,1006,129,407.0,1,9,2019-07-14 13:10:00
12209,1006,4,19.0,8,0,2019-07-14 13:10:00
12210,1006,49,26.0,6,0,2019-07-14 13:10:00
12211,1007,5,261.0,2,0,2019-07-28 13:10:00
12212,1007,2,1.0,10,0,2019-07-28 13:10:00
12213,1007,8,217.0,3,2,2019-07-28 13:10:00
12214,1007,3,39.0,6,0,2019-07-28 13:10:00
12215,1007,129,409.0,1,9,2019-07-28 13:10:00
12216,1007,49,26.0,9,0,2019-07-28 13:10:00
12217,1007,4,42.0,5,0,2019-07-28 13:10:00
12218,1007,0,70.0,4,0,2019-07-28 13:10:00
12219,1007,207,26.0,8,0,2019-07-28 13:10:00
12220,1007,208,31.0,7,0,2019-07-28 13:10:00
12221,1008,0,82.0,4,0,2019-08-04 13:10:00
12222,1008,2,1.0,10,0,2019-08-04 13:10:00
12223,1008,4,43.0,5,0,2019-08-04 13:10:00
12224,1008,49,32.0,7,0,2019-08-04 13:10:00
12225,1008,129,438.0,1,10,2019-08-04 13:10:00
12226,1008,8,244.0,3,2,2019-08-04 13:10:00
12227,1008,207,26.0,9,0,2019-08-04 13:10:00
12228,1008,208,31.0,8,0,2019-08-04 13:10:00
12229,1008,5,288.0,2,0,2019-08-04 13:10:00
12230,1008,3,39.0,6,0,2019-08-04 13:10:00
12231,1009,3,43.0,6,0,2019-09-01 13:10:00
12232,1009,49,32.0,8,0,2019-09-01 13:10:00
12233,1009,208,40.0,7,0,2019-09-01 13:10:00
12234,1009,5,326.0,2,1,2019-09-01 13:10:00
12235,1009,0,82.0,4,0,2019-09-01 13:10:00
12236,1009,2,1.0,10,0,2019-09-01 13:10:00
12237,1009,8,254.0,3,2,2019-09-01 13:10:00
12238,1009,129,471.0,1,10,2019-09-01 13:10:00
12239,1009,207,26.0,9,0,2019-09-01 13:10:00
12240,1009,4,51.0,5,0,2019-09-01 13:10:00
12241,1010,0,83.0,4,0,2019-09-08 13:10:00
12242,1010,2,1.0,10,0,2019-09-08 13:10:00
12243,1010,208,46.0,7,0,2019-09-08 13:10:00
12244,1010,49,34.0,8,0,2019-09-08 13:10:00
12245,1010,207,26.0,9,0,2019-09-08 13:10:00
12246,1010,5,351.0,2,2,2019-09-08 13:10:00
12247,1010,8,266.0,3,2,2019-09-08 13:10:00
12248,1010,129,505.0,1,10,2019-09-08 13:10:00
12249,1010,4,51.0,6,0,2019-09-08 13:10:00
12250,1010,3,65.0,5,0,2019-09-08 13:10:00
12251,1011,3,67.0,5,0,2019-09-22 12:10:00
12252,1011,49,35.0,8,0,2019-09-22 12:10:00
12253,1011,208,46.0,7,0,2019-09-22 12:10:00
12254,1011,4,55.0,6,0,2019-09-22 12:10:00
12255,1011,0,89.0,4,0,2019-09-22 12:10:00
12256,1011,2,1.0,10,0,2019-09-22 12:10:00
12257,1011,129,527.0,1,10,2019-09-22 12:10:00
12258,1011,8,289.0,3,2,2019-09-22 12:10:00
12259,1011,5,394.0,2,3,2019-09-22 12:10:00
12260,1011,207,26.0,9,0,2019-09-22 12:10:00
12261,1012,2,1.0,10,0,2019-09-29 11:10:00
12262,1012,0,101.0,4,0,2019-09-29 11:10:00
12263,1012,49,35.0,8,0,2019-09-29 11:10:00
12264,1012,208,52.0,7,0,2019-09-29 11:10:00
12265,1012,3,68.0,5,0,2019-09-29 11:10:00
12266,1012,207,28.0,9,0,2019-09-29 11:10:00
12267,1012,5,409.0,2,3,2019-09-29 11:10:00
12268,1012,8,311.0,3,2,2019-09-29 11:10:00
12269,1012,129,571.0,1,11,2019-09-29 11:10:00
12270,1012,4,55.0,6,0,2019-09-29 11:10:00
12271,1013,129,612.0,1,12,2019-10-13 05:10:00
12272,1013,3,68.0,5,0,2019-10-13 05:10:00
12273,1013,5,435.0,2,3,2019-10-13 05:10:00
12274,1013,8,323.0,3,2,2019-10-13 05:10:00
12275,1013,2,1.0,10,0,2019-10-13 05:10:00
12276,1013,0,111.0,4,0,2019-10-13 05:10:00
12277,1013,4,62.0,6,0,2019-10-13 05:10:00
12278,1013,208,58.0,7,0,2019-10-13 05:10:00
12279,1013,49,35.0,8,0,2019-10-13 05:10:00
12280,1013,207,28.0,9,0,2019-10-13 05:10:00
12281,1014,129,652.0,1,13,2019-10-27 19:10:00
12282,1014,3,73.0,5,0,2019-10-27 19:10:00
12283,1014,207,28.0,9,0,2019-10-27 19:10:00
12284,1014,5,466.0,2,3,2019-10-27 19:10:00
12285,1014,49,35.0,8,0,2019-10-27 19:10:00
12286,1014,208,64.0,7,0,2019-10-27 19:10:00
12287,1014,4,64.0,6,0,2019-10-27 19:10:00
12288,1014,0,111.0,4,0,2019-10-27 19:10:00
12289,1014,2,1.0,10,0,2019-10-27 19:10:00
12290,1014,8,341.0,3,2,2019-10-27 19:10:00
12291,1015,2,1.0,10,0,2019-11-03 19:10:00
12292,1015,0,121.0,4,0,2019-11-03 19:10:00
12293,1015,4,64.0,7,0,2019-11-03 19:10:00
12294,1015,208,65.0,6,0,2019-11-03 19:10:00
12295,1015,49,35.0,8,0,2019-11-03 19:10:00
12296,1015,3,83.0,5,0,2019-11-03 19:10:00
12297,1015,207,28.0,9,0,2019-11-03 19:10:00
12298,1015,5,479.0,2,3,2019-11-03 19:10:00
12299,1015,8,366.0,3,2,2019-11-03 19:10:00
12300,1015,129,695.0,1,14,2019-11-03 19:10:00
12301,1016,2,1.0,10,0,2019-11-17 17:10:00
12302,1016,0,140.0,4,0,2019-11-17 17:10:00
12303,1016,4,83.0,6,0,2019-11-17 17:10:00
12304,1016,208,67.0,7,0,2019-11-17 17:10:00
12305,1016,49,57.0,8,0,2019-11-17 17:10:00
12306,1016,3,91.0,5,0,2019-11-17 17:10:00
12307,1016,207,28.0,9,0,2019-11-17 17:10:00
12308,1016,5,479.0,2,3,2019-11-17 17:10:00
12309,1016,8,391.0,3,3,2019-11-17 17:10:00
12310,1016,129,701.0,1,14,2019-11-17 17:10:00
12311,1017,0,145.0,4,0,2019-12-01 13:10:00
12312,1017,4,85.0,6,0,2019-12-01 13:10:00
12313,1017,2,1.0,10,0,2019-12-01 13:10:00
12314,1017,49,57.0,8,0,2019-12-01 13:10:00
12315,1017,3,91.0,5,0,2019-12-01 13:10:00
12316,1017,207,28.0,9,0,2019-12-01 13:10:00
12317,1017,5,504.0,2,3,2019-12-01 13:10:00
12318,1017,8,417.0,3,3,2019-12-01 13:10:00
12319,1017,129,739.0,1,15,2019-12-01 13:10:00
12320,1017,208,73.0,7,0,2019-12-01 13:10:00
12321,1018,8,0.0,9,0,2020-07-05 13:10:00
12322,1018,207,0.0,10,0,2020-07-05 13:10:00
12323,1018,3,4.0,6,0,2020-07-05 13:10:00
12324,1018,0,26.0,2,0,2020-07-05 13:10:00
12325,1018,208,8.0,4,0,2020-07-05 13:10:00
12326,1018,2,0.0,8,0,2020-07-05 13:10:00
12327,1018,5,19.0,3,0,2020-07-05 13:10:00
12328,1018,129,37.0,1,1,2020-07-05 13:10:00
12329,1018,209,6.0,5,0,2020-07-05 13:10:00
12330,1018,49,2.0,7,0,2020-07-05 13:10:00
12331,1019,209,7.0,7,0,2020-07-12 13:10:00
12332,1019,3,8.0,6,0,2020-07-12 13:10:00
12333,1019,49,2.0,8,0,2020-07-12 13:10:00
12334,1019,2,0.0,9,0,2020-07-12 13:10:00
12335,1019,8,27.0,3,0,2020-07-12 13:10:00
12336,1019,208,22.0,4,0,2020-07-12 13:10:00
12337,1019,0,39.0,2,0,2020-07-12 13:10:00
12338,1019,207,0.0,10,0,2020-07-12 13:10:00
12339,1019,129,80.0,1,2,2020-07-12 13:10:00
12340,1019,5,19.0,5,0,2020-07-12 13:10:00
12341,1020,129,121.0,1,3,2020-07-19 13:10:00
12342,1020,49,2.0,8,0,2020-07-19 13:10:00
12343,1020,207,1.0,9,0,2020-07-19 13:10:00
12344,1020,0,41.0,3,0,2020-07-19 13:10:00
12345,1020,5,27.0,5,0,2020-07-19 13:10:00
12346,1020,208,40.0,4,0,2020-07-19 13:10:00
12347,1020,3,12.0,6,0,2020-07-19 13:10:00
12348,1020,209,7.0,7,0,2020-07-19 13:10:00
12349,1020,8,55.0,2,0,2020-07-19 13:10:00
12350,1020,2,0.0,10,0,2020-07-19 13:10:00
12351,1021,8,78.0,2,0,2020-08-02 13:10:00
12352,1021,209,13.0,7,0,2020-08-02 13:10:00
12353,1021,208,42.0,5,0,2020-08-02 13:10:00
12354,1021,0,51.0,3,0,2020-08-02 13:10:00
12355,1021,5,43.0,4,0,2020-08-02 13:10:00
12356,1021,129,146.0,1,4,2020-08-02 13:10:00
12357,1021,207,1.0,9,0,2020-08-02 13:10:00
12358,1021,3,32.0,6,0,2020-08-02 13:10:00
12359,1021,49,2.0,8,0,2020-08-02 13:10:00
12360,1021,2,0.0,10,0,2020-08-02 13:10:00
12361,1022,8,113.0,2,1,2020-08-09 13:10:00
12362,1022,2,0.0,10,0,2020-08-09 13:10:00
12363,1022,207,1.0,9,0,2020-08-09 13:10:00
12364,1022,3,36.0,6,0,2020-08-09 13:10:00
12365,1022,209,14.0,7,0,2020-08-09 13:10:00
12366,1022,129,180.0,1,4,2020-08-09 13:10:00
12367,1022,208,41.0,5,0,2020-08-09 13:10:00
12368,1022,0,53.0,4,0,2020-08-09 13:10:00
12369,1022,49,2.0,8,0,2020-08-09 13:10:00
12370,1022,5,55.0,3,0,2020-08-09 13:10:00
12371,1023,207,1.0,9,0,2020-08-16 13:10:00
12372,1023,8,135.0,2,1,2020-08-16 13:10:00
12373,1023,2,0.0,10,0,2020-08-16 13:10:00
12374,1023,49,2.0,8,0,2020-08-16 13:10:00
12375,1023,3,36.0,6,0,2020-08-16 13:10:00
12376,1023,209,16.0,7,0,2020-08-16 13:10:00
12377,1023,208,63.0,3,0,2020-08-16 13:10:00
12378,1023,0,62.0,4,0,2020-08-16 13:10:00
12379,1023,5,61.0,5,0,2020-08-16 13:10:00
12380,1023,129,221.0,1,5,2020-08-16 13:10:00
12381,1024,207,1.0,9,0,2020-08-30 13:10:00
12382,1024,8,158.0,2,1,2020-08-30 13:10:00
12383,1024,2,0.0,10,0,2020-08-30 13:10:00
12384,1024,5,61.0,5,0,2020-08-30 13:10:00
12385,1024,3,59.0,6,0,2020-08-30 13:10:00
12386,1024,209,20.0,7,0,2020-08-30 13:10:00
12387,1024,208,66.0,4,0,2020-08-30 13:10:00
12388,1024,0,68.0,3,0,2020-08-30 13:10:00
12389,1024,129,264.0,1,6,2020-08-30 13:10:00
12390,1024,49,2.0,8,0,2020-08-30 13:10:00
12391,1025,8,158.0,2,1,2020-09-06 13:10:00
12392,1025,207,1.0,9,0,2020-09-06 13:10:00
12393,1025,2,0.0,10,0,2020-09-06 13:10:00
12394,1025,208,82.0,4,0,2020-09-06 13:10:00
12395,1025,3,71.0,5,0,2020-09-06 13:10:00
12396,1025,209,47.0,7,1,2020-09-06 13:10:00
12397,1025,129,281.0,1,6,2020-09-06 13:10:00
12398,1025,49,2.0,8,0,2020-09-06 13:10:00
12399,1025,5,61.0,6,0,2020-09-06 13:10:00
12400,1025,0,98.0,3,0,2020-09-06 13:10:00
12401,1026,207,1.0,9,0,2020-09-13 13:10:00
12402,1026,8,173.0,2,1,2020-09-13 13:10:00
12403,1026,2,0.0,10,0,2020-09-13 13:10:00
12404,1026,3,83.0,5,0,2020-09-13 13:10:00
12405,1026,209,53.0,7,1,2020-09-13 13:10:00
12406,1026,208,92.0,4,0,2020-09-13 13:10:00
12407,1026,0,106.0,3,0,2020-09-13 13:10:00
12408,1026,5,66.0,6,0,2020-09-13 13:10:00
12409,1026,129,325.0,1,7,2020-09-13 13:10:00
12410,1026,49,4.0,8,0,2020-09-13 13:10:00
12411,1027,207,1.0,9,0,2020-09-27 11:10:00
12412,1027,129,366.0,1,8,2020-09-27 11:10:00
12413,1027,8,192.0,2,1,2020-09-27 11:10:00
12414,1027,0,106.0,3,0,2020-09-27 11:10:00
12415,1027,49,4.0,8,0,2020-09-27 11:10:00
12416,1027,3,99.0,5,0,2020-09-27 11:10:00
12417,1027,209,59.0,7,1,2020-09-27 11:10:00
12418,1027,208,104.0,4,0,2020-09-27 11:10:00
12419,1027,5,74.0,6,0,2020-09-27 11:10:00
12420,1027,2,0.0,10,0,2020-09-27 11:10:00
12421,1028,207,3.0,9,0,2020-10-11 13:10:00
12422,1028,8,211.0,2,1,2020-10-11 13:10:00
12423,1028,0,116.0,4,0,2020-10-11 13:10:00
12424,1028,49,5.0,8,0,2020-10-11 13:10:00
12425,1028,3,114.0,5,0,2020-10-11 13:10:00
12426,1028,129,391.0,1,9,2020-10-11 13:10:00
12427,1028,5,80.0,6,0,2020-10-11 13:10:00
12428,1028,208,120.0,3,0,2020-10-11 13:10:00
12429,1028,209,67.0,7,1,2020-10-11 13:10:00
12430,1028,2,0.0,10,0,2020-10-11 13:10:00
12431,1029,207,3.0,9,0,2020-10-25 12:10:00
12432,1029,8,226.0,2,1,2020-10-25 12:10:00
12433,1029,2,0.0,10,0,2020-10-25 12:10:00
12434,1029,3,120.0,5,0,2020-10-25 12:10:00
12435,1029,209,77.0,7,1,2020-10-25 12:10:00
12436,1029,208,126.0,3,0,2020-10-25 12:10:00
12437,1029,0,124.0,4,0,2020-10-25 12:10:00
12438,1029,5,93.0,6,0,2020-10-25 12:10:00
12439,1029,129,435.0,1,10,2020-10-25 12:10:00
12440,1029,49,5.0,8,0,2020-10-25 12:10:00
12441,1030,8,226.0,2,1,2020-11-01 12:10:00
12442,1030,2,0.0,10,0,2020-11-01 12:10:00
12443,1030,207,3.0,9,0,2020-11-01 12:10:00
12444,1030,3,135.0,3,0,2020-11-01 12:10:00
12445,1030,49,8.0,8,0,2020-11-01 12:10:00
12446,1030,129,479.0,1,11,2020-11-01 12:10:00
12447,1030,5,103.0,6,0,2020-11-01 12:10:00
12448,1030,209,89.0,7,1,2020-11-01 12:10:00
12449,1030,0,134.0,4,0,2020-11-01 12:10:00
12450,1030,208,134.0,5,0,2020-11-01 12:10:00
12451,1031,207,3.0,9,0,2020-11-15 10:10:00
12452,1031,8,240.0,2,1,2020-11-15 10:10:00
12453,1031,0,149.0,4,0,2020-11-15 10:10:00
12454,1031,49,8.0,8,0,2020-11-15 10:10:00
12455,1031,2,0.0,10,0,2020-11-15 10:10:00
12456,1031,129,504.0,1,12,2020-11-15 10:10:00
12457,1031,208,154.0,3,0,2020-11-15 10:10:00
12458,1031,209,89.0,7,1,2020-11-15 10:10:00
12459,1031,5,130.0,6,0,2020-11-15 10:10:00
12460,1031,3,136.0,5,0,2020-11-15 10:10:00
12461,1032,209,97.0,7,1,2020-11-29 14:10:00
12462,1032,208,154.0,4,0,2020-11-29 14:10:00
12463,1032,129,533.0,1,13,2020-11-29 14:10:00
12464,1032,0,171.0,3,0,2020-11-29 14:10:00
12465,1032,5,131.0,6,0,2020-11-29 14:10:00
12466,1032,49,8.0,8,0,2020-11-29 14:10:00
12467,1032,3,144.0,5,0,2020-11-29 14:10:00
12468,1032,207,3.0,9,0,2020-11-29 14:10:00
12469,1032,2,0.0,10,0,2020-11-29 14:10:00
12470,1032,8,274.0,2,1,2020-11-29 14:10:00
12471,1033,207,3.0,9,0,2020-12-06 17:10:00
12472,1033,8,282.0,2,1,2020-12-06 17:10:00
12473,1033,129,540.0,1,13,2020-12-06 17:10:00
12474,1033,49,8.0,8,0,2020-12-06 17:10:00
12475,1033,2,0.0,10,0,2020-12-06 17:10:00
12476,1033,5,131.0,6,0,2020-12-06 17:10:00
12477,1033,208,194.0,3,1,2020-12-06 17:10:00
12478,1033,209,103.0,7,1,2020-12-06 17:10:00
12479,1033,0,184.0,4,0,2020-12-06 17:10:00
12480,1033,3,172.0,5,0,2020-12-06 17:10:00
12481,1034,209,107.0,7,1,2020-12-13 13:10:00
12482,1034,3,181.0,5,0,2020-12-13 13:10:00
12483,1034,49,8.0,8,0,2020-12-13 13:10:00
12484,1034,2,0.0,10,0,2020-12-13 13:10:00
12485,1034,8,319.0,2,2,2020-12-13 13:10:00
12486,1034,207,3.0,9,0,2020-12-13 13:10:00
12487,1034,0,202.0,3,0,2020-12-13 13:10:00
12488,1034,5,131.0,6,0,2020-12-13 13:10:00
12489,1034,129,573.0,1,13,2020-12-13 13:10:00
12490,1034,208,195.0,4,1,2020-12-13 13:10:00
12491,1035,0,18.0,3,0,2021-03-28 15:00:00
12492,1035,8,28.0,2,0,2021-03-28 15:00:00
12493,1035,129,41.0,1,1,2021-03-28 15:00:00
12494,1035,115,1.0,6,0,2021-03-28 15:00:00
12495,1035,207,0.0,10,0,2021-03-28 15:00:00
12496,1035,5,12.0,4,0,2021-03-28 15:00:00
12497,1035,210,0.0,8,0,2021-03-28 15:00:00
12498,1035,2,0.0,9,0,2021-03-28 15:00:00
12499,1035,49,0.0,7,0,2021-03-28 15:00:00
12500,1035,209,2.0,5,0,2021-03-28 15:00:00
12501,1036,0,41.0,3,0,2021-04-18 13:00:00
12502,1036,210,3.0,7,0,2021-04-18 13:00:00
12503,1036,115,5.0,6,0,2021-04-18 13:00:00
12504,1036,209,8.0,5,0,2021-04-18 13:00:00
12505,1036,8,53.0,2,1,2021-04-18 13:00:00
12506,1036,207,0.0,10,0,2021-04-18 13:00:00
12507,1036,129,60.0,1,1,2021-04-18 13:00:00
12508,1036,2,0.0,9,0,2021-04-18 13:00:00
12509,1036,5,34.0,4,0,2021-04-18 13:00:00
12510,1036,49,0.0,8,0,2021-04-18 13:00:00
12511,1037,8,83.0,2,1,2021-05-02 14:00:00
12512,1037,5,42.0,4,0,2021-05-02 14:00:00
12513,1037,209,9.0,6,0,2021-05-02 14:00:00
12514,1037,115,5.0,7,0,2021-05-02 14:00:00
12515,1037,0,53.0,3,0,2021-05-02 14:00:00
12516,1037,210,13.0,5,0,2021-05-02 14:00:00
12517,1037,2,0.0,9,0,2021-05-02 14:00:00
12518,1037,207,0.0,10,0,2021-05-02 14:00:00
12519,1037,49,0.0,8,0,2021-05-02 14:00:00
12520,1037,129,101.0,1,2,2021-05-02 14:00:00
12521,1038,129,141.0,1,3,2021-05-09 13:00:00
12522,1038,8,112.0,2,1,2021-05-09 13:00:00
12523,1038,0,65.0,3,0,2021-05-09 13:00:00
12524,1038,2,0.0,9,0,2021-05-09 13:00:00
12525,1038,49,0.0,8,0,2021-05-09 13:00:00
12526,1038,210,15.0,5,0,2021-05-09 13:00:00
12527,1038,5,60.0,4,0,2021-05-09 13:00:00
12528,1038,207,0.0,10,0,2021-05-09 13:00:00
12529,1038,115,5.0,7,0,2021-05-09 13:00:00
12530,1038,209,10.0,6,0,2021-05-09 13:00:00
12531,1039,209,18.0,6,0,2021-05-23 13:00:00
12532,1039,115,19.0,5,0,2021-05-23 13:00:00
12533,1039,49,1.0,8,0,2021-05-23 13:00:00
12534,1039,210,17.0,7,0,2021-05-23 13:00:00
12535,1039,2,0.0,9,0,2021-05-23 13:00:00
12536,1039,5,78.0,4,0,2021-05-23 13:00:00
12537,1039,0,80.0,3,0,2021-05-23 13:00:00
12538,1039,207,0.0,10,0,2021-05-23 13:00:00
12539,1039,129,148.0,2,3,2021-05-23 13:00:00
12540,1039,8,149.0,1,2,2021-05-23 13:00:00
12541,1040,207,0.0,9,0,2021-06-06 12:00:00
12542,1040,2,0.0,10,0,2021-06-06 12:00:00
12543,1040,210,25.0,7,0,2021-06-06 12:00:00
12544,1040,49,2.0,8,0,2021-06-06 12:00:00
12545,1040,115,37.0,6,0,2021-06-06 12:00:00
12546,1040,5,94.0,3,0,2021-06-06 12:00:00
12547,1040,0,92.0,4,0,2021-06-06 12:00:00
12548,1040,209,39.0,5,0,2021-06-06 12:00:00
12549,1040,129,148.0,2,3,2021-06-06 12:00:00
12550,1040,8,174.0,1,3,2021-06-06 12:00:00
12551,1041,207,0.0,10,0,2021-06-20 13:00:00
12552,1041,2,0.0,9,0,2021-06-20 13:00:00
12553,1041,210,29.0,7,0,2021-06-20 13:00:00
12554,1041,49,2.0,8,0,2021-06-20 13:00:00
12555,1041,115,40.0,6,0,2021-06-20 13:00:00
12556,1041,209,45.0,5,0,2021-06-20 13:00:00
12557,1041,5,94.0,4,0,2021-06-20 13:00:00
12558,1041,0,110.0,3,0,2021-06-20 13:00:00
12559,1041,8,215.0,1,4,2021-06-20 13:00:00
12560,1041,129,178.0,2,3,2021-06-20 13:00:00
12561,1042,115,44.0,6,0,2021-06-27 13:00:00
12562,1042,49,2.0,8,0,2021-06-27 13:00:00
12563,1042,210,31.0,7,0,2021-06-27 13:00:00
12564,1042,2,0.0,9,0,2021-06-27 13:00:00
12565,1042,207,0.0,10,0,2021-06-27 13:00:00
12566,1042,209,46.0,5,0,2021-06-27 13:00:00
12567,1042,5,108.0,4,0,2021-06-27 13:00:00
12568,1042,0,120.0,3,0,2021-06-27 13:00:00
12569,1042,8,252.0,1,5,2021-06-27 13:00:00
12570,1042,129,212.0,2,3,2021-06-27 13:00:00
12571,1043,129,242.0,2,3,2021-07-04 13:00:00
12572,1043,8,286.0,1,6,2021-07-04 13:00:00
12573,1043,0,141.0,3,0,2021-07-04 13:00:00
12574,1043,115,44.0,6,0,2021-07-04 13:00:00
12575,1043,49,2.0,8,0,2021-07-04 13:00:00
12576,1043,210,32.0,7,0,2021-07-04 13:00:00
12577,1043,2,0.0,9,0,2021-07-04 13:00:00
12578,1043,5,122.0,4,0,2021-07-04 13:00:00
12579,1043,209,48.0,5,0,2021-07-04 13:00:00
12580,1043,207,0.0,10,0,2021-07-04 13:00:00
12581,1044,207,0.0,10,0,2021-07-18 14:00:00
12582,1044,2,0.0,9,0,2021-07-18 14:00:00
12583,1044,49,2.0,8,0,2021-07-18 14:00:00
12584,1044,115,48.0,6,0,2021-07-18 14:00:00
12585,1044,209,49.0,5,0,2021-07-18 14:00:00
12586,1044,5,148.0,4,0,2021-07-18 14:00:00
12587,1044,0,163.0,3,0,2021-07-18 14:00:00
12588,1044,210,40.0,7,0,2021-07-18 14:00:00
12589,1044,129,285.0,2,4,2021-07-18 14:00:00
12590,1044,8,289.0,1,6,2021-07-18 14:00:00
12591,1045,129,303.0,1,4,2021-08-01 13:00:00
12592,1045,8,291.0,2,6,2021-08-01 13:00:00
12593,1045,5,163.0,3,0,2021-08-01 13:00:00
12594,1045,2,10.0,8,0,2021-08-01 13:00:00
12595,1045,207,0.0,10,0,2021-08-01 13:00:00
12596,1045,0,163.0,4,0,2021-08-01 13:00:00
12597,1045,209,68.0,6,0,2021-08-01 13:00:00
12598,1045,115,48.0,7,0,2021-08-01 13:00:00
12599,1045,49,3.0,9,0,2021-08-01 13:00:00
12600,1045,210,77.0,5,1,2021-08-01 13:00:00
12601,1046,2,20.0,8,0,2021-08-29 13:00:00
12602,1046,210,80.0,5,1,2021-08-29 13:00:00
12603,1046,49,3.0,9,0,2021-08-29 13:00:00
12604,1046,115,53.0,7,0,2021-08-29 13:00:00
12605,1046,209,72.0,6,0,2021-08-29 13:00:00
12606,1046,5,165.5,4,0,2021-08-29 13:00:00
12607,1046,0,169.0,3,0,2021-08-29 13:00:00
12608,1046,8,303.5,2,7,2021-08-29 13:00:00
12609,1046,129,310.5,1,4,2021-08-29 13:00:00
12610,1046,207,0.0,10,0,2021-08-29 13:00:00
12611,1047,209,84.0,6,0,2021-09-05 13:00:00
12612,1047,115,53.0,7,0,2021-09-05 13:00:00
12613,1047,49,3.0,9,0,2021-09-05 13:00:00
12614,1047,2,20.0,8,0,2021-09-05 13:00:00
12615,1047,207,0.0,10,0,2021-09-05 13:00:00
12616,1047,5,181.5,3,0,2021-09-05 13:00:00
12617,1047,210,90.0,5,1,2021-09-05 13:00:00
12618,1047,0,170.0,4,0,2021-09-05 13:00:00
12619,1047,129,344.5,1,4,2021-09-05 13:00:00
12620,1047,8,332.5,2,8,2021-09-05 13:00:00
12621,1048,207,0.0,10,0,2021-09-12 13:00:00
12622,1048,2,22.0,8,0,2021-09-12 13:00:00
12623,1048,210,95.0,5,1,2021-09-12 13:00:00
12624,1048,115,59.0,7,0,2021-09-12 13:00:00
12625,1048,209,84.0,6,0,2021-09-12 13:00:00
12626,1048,5,201.5,4,0,2021-09-12 13:00:00
12627,1048,0,215.0,3,1,2021-09-12 13:00:00
12628,1048,49,3.0,9,0,2021-09-12 13:00:00
12629,1048,129,362.5,1,4,2021-09-12 13:00:00
12630,1048,8,344.5,2,8,2021-09-12 13:00:00
12631,1049,207,0.0,10,0,2021-09-26 12:00:00
12632,1049,2,23.0,8,0,2021-09-26 12:00:00
12633,1049,210,103.0,5,1,2021-09-26 12:00:00
12634,1049,49,7.0,9,0,2021-09-26 12:00:00
12635,1049,115,59.0,7,0,2021-09-26 12:00:00
12636,1049,209,84.0,6,0,2021-09-26 12:00:00
12637,1049,5,216.5,4,0,2021-09-26 12:00:00
12638,1049,0,234.0,3,1,2021-09-26 12:00:00
12639,1049,129,397.5,1,5,2021-09-26 12:00:00
12640,1049,8,364.5,2,8,2021-09-26 12:00:00
12641,1050,49,7.0,9,0,2021-10-10 12:00:00
12642,1050,210,104.0,5,1,2021-10-10 12:00:00
12643,1050,209,92.0,6,0,2021-10-10 12:00:00
12644,1050,207,0.0,10,0,2021-10-10 12:00:00
12645,1050,2,23.0,8,0,2021-10-10 12:00:00
12646,1050,5,232.5,4,0,2021-10-10 12:00:00
12647,1050,115,61.0,7,0,2021-10-10 12:00:00
12648,1050,8,397.5,2,8,2021-10-10 12:00:00
12649,1050,129,433.5,1,6,2021-10-10 12:00:00
12650,1050,0,240.0,3,1,2021-10-10 12:00:00
12651,1051,207,0.0,10,0,2021-10-24 19:00:00
12652,1051,2,23.0,8,0,2021-10-24 19:00:00
12653,1051,210,104.0,5,1,2021-10-24 19:00:00
12654,1051,49,7.0,9,0,2021-10-24 19:00:00
12655,1051,115,62.0,7,0,2021-10-24 19:00:00
12656,1051,209,94.0,6,0,2021-10-24 19:00:00
12657,1051,5,250.5,4,0,2021-10-24 19:00:00
12658,1051,0,254.0,3,1,2021-10-24 19:00:00
12659,1051,8,437.5,2,9,2021-10-24 19:00:00
12660,1051,129,460.5,1,6,2021-10-24 19:00:00
12661,1052,209,106.0,6,0,2021-11-07 19:00:00
12662,1052,115,68.0,7,0,2021-11-07 19:00:00
12663,1052,49,11.0,9,0,2021-11-07 19:00:00
12664,1052,210,106.0,5,1,2021-11-07 19:00:00
12665,1052,2,23.0,8,0,2021-11-07 19:00:00
12666,1052,5,268.5,3,0,2021-11-07 19:00:00
12667,1052,0,255.0,4,1,2021-11-07 19:00:00
12668,1052,207,0.0,10,0,2021-11-07 19:00:00
12669,1052,129,478.5,1,6,2021-11-07 19:00:00
12670,1052,8,477.5,2,10,2021-11-07 19:00:00
12671,1053,2,23.0,8,0,2021-11-14 17:00:00
12672,1053,210,112.0,5,1,2021-11-14 17:00:00
12673,1053,49,11.0,9,0,2021-11-14 17:00:00
12674,1053,115,68.0,7,0,2021-11-14 17:00:00
12675,1053,209,112.0,6,0,2021-11-14 17:00:00
12676,1053,5,287.5,3,0,2021-11-14 17:00:00
12677,1053,0,256.0,4,1,2021-11-14 17:00:00
12678,1053,207,0.0,10,0,2021-11-14 17:00:00
12679,1053,129,521.5,1,7,2021-11-14 17:00:00
12680,1053,8,510.5,2,10,2021-11-14 17:00:00
12681,1054,49,11.0,9,0,2021-11-21 14:00:00
12682,1054,8,541.5,2,10,2021-11-21 14:00:00
12683,1054,0,258.0,4,1,2021-11-21 14:00:00
12684,1054,5,297.5,3,0,2021-11-21 14:00:00
12685,1054,209,112.0,6,0,2021-11-21 14:00:00
12686,1054,115,77.0,7,0,2021-11-21 14:00:00
12687,1054,210,137.0,5,1,2021-11-21 14:00:00
12688,1054,2,23.0,8,0,2021-11-21 14:00:00
12689,1054,207,0.0,10,0,2021-11-21 14:00:00
12690,1054,129,546.5,1,8,2021-11-21 14:00:00
12691,1055,207,0.0,10,0,2021-12-05 17:30:00
12692,1055,2,23.0,8,0,2021-12-05 17:30:00
12693,1055,209,120.0,6,0,2021-12-05 17:30:00
12694,1055,49,13.0,9,0,2021-12-05 17:30:00
12695,1055,115,77.0,7,0,2021-12-05 17:30:00
12696,1055,5,307.5,3,0,2021-12-05 17:30:00
12697,1055,0,269.0,4,1,2021-12-05 17:30:00
12698,1055,8,559.5,2,10,2021-12-05 17:30:00
12699,1055,129,587.5,1,9,2021-12-05 17:30:00
12700,1055,210,149.0,5,1,2021-12-05 17:30:00
12701,1056,207,0.0,10,0,2021-12-12 13:00:00
12702,1056,2,23.0,8,0,2021-12-12 13:00:00
12703,1056,129,613.5,1,9,2021-12-12 13:00:00
12704,1056,49,13.0,9,0,2021-12-12 13:00:00
12705,1056,115,77.0,7,0,2021-12-12 13:00:00
12706,1056,8,585.5,2,11,2021-12-12 13:00:00
12707,1056,0,275.0,4,1,2021-12-12 13:00:00
12708,1056,5,323.5,3,0,2021-12-12 13:00:00
12709,1056,209,142.0,6,0,2021-12-12 13:00:00
12710,1056,210,155.0,5,1,2021-12-12 13:00:00
12711,1057,5,44.0,1,1,2022-03-20 15:00:00
12712,1057,207,10.0,3,0,2022-03-20 15:00:00
12713,1057,129,27.0,2,0,2022-03-20 15:00:00
12714,1057,210,8.0,5,0,2022-03-20 15:00:00
12715,1057,209,4.0,6,0,2022-03-20 15:00:00
12716,1057,115,0.0,7,0,2022-03-20 15:00:00
12717,1057,2,0.0,8,0,2022-03-20 15:00:00
12718,1057,0,0.0,9,0,2022-03-20 15:00:00
12719,1057,8,0.0,10,0,2022-03-20 15:00:00
12720,1057,49,9.0,4,0,2022-03-20 15:00:00
12721,1058,8,37.0,3,1,2022-03-27 17:00:00
12722,1058,0,6.0,8,0,2022-03-27 17:00:00
12723,1058,2,0.0,10,0,2022-03-27 17:00:00
12724,1058,115,0.0,9,0,2022-03-27 17:00:00
12725,1058,209,8.0,7,0,2022-03-27 17:00:00
12726,1058,49,9.0,6,0,2022-03-27 17:00:00
12727,1058,207,12.0,5,0,2022-03-27 17:00:00
12728,1058,129,38.0,2,0,2022-03-27 17:00:00
12729,1058,5,78.0,1,1,2022-03-27 17:00:00
12730,1058,210,16.0,4,0,2022-03-27 17:00:00
12731,1059,8,55.0,3,1,2022-04-10 05:00:00
12732,1059,0,24.0,4,0,2022-04-10 05:00:00
12733,1059,2,1.0,9,0,2022-04-10 05:00:00
12734,1059,115,0.0,10,0,2022-04-10 05:00:00
12735,1059,209,10.0,8,0,2022-04-10 05:00:00
12736,1059,210,22.0,5,0,2022-04-10 05:00:00
12737,1059,207,12.0,7,0,2022-04-10 05:00:00
12738,1059,129,65.0,2,0,2022-04-10 05:00:00
12739,1059,5,104.0,1,2,2022-04-10 05:00:00
12740,1059,49,13.0,6,0,2022-04-10 05:00:00
12741,1060,2,1.0,10,0,2022-04-24 13:00:00
12742,1060,8,113.0,2,2,2022-04-24 13:00:00
12743,1060,0,46.0,4,0,2022-04-24 13:00:00
12744,1060,115,5.0,9,0,2022-04-24 13:00:00
12745,1060,209,16.0,7,0,2022-04-24 13:00:00
12746,1060,210,22.0,6,0,2022-04-24 13:00:00
12747,1060,49,25.0,5,0,2022-04-24 13:00:00
12748,1060,207,15.0,8,0,2022-04-24 13:00:00
12749,1060,129,77.0,3,0,2022-04-24 13:00:00
12750,1060,5,124.0,1,2,2022-04-24 13:00:00
12751,1061,8,151.0,2,3,2022-05-08 19:30:00
12752,1061,0,46.0,4,0,2022-05-08 19:30:00
12753,1061,2,3.0,10,0,2022-05-08 19:30:00
12754,1061,115,6.0,9,0,2022-05-08 19:30:00
12755,1061,209,16.0,7,0,2022-05-08 19:30:00
12756,1061,210,26.0,6,0,2022-05-08 19:30:00
12757,1061,49,31.0,5,0,2022-05-08 19:30:00
12758,1061,207,15.0,8,0,2022-05-08 19:30:00
12759,1061,129,95.0,3,0,2022-05-08 19:30:00
12760,1061,5,157.0,1,2,2022-05-08 19:30:00
12761,1062,0,50.0,4,0,2022-05-22 13:00:00
12762,1062,2,3.0,10,0,2022-05-22 13:00:00
12763,1062,115,6.0,9,0,2022-05-22 13:00:00
12764,1062,209,17.0,7,0,2022-05-22 13:00:00
12765,1062,8,195.0,1,4,2022-05-22 13:00:00
12766,1062,49,39.0,5,0,2022-05-22 13:00:00
12767,1062,207,15.0,8,0,2022-05-22 13:00:00
12768,1062,129,120.0,3,0,2022-05-22 13:00:00
12769,1062,5,169.0,2,2,2022-05-22 13:00:00
12770,1062,210,34.0,6,0,2022-05-22 13:00:00
12771,1063,0,59.0,4,0,2022-05-29 13:00:00
12772,1063,2,3.0,10,0,2022-05-29 13:00:00
12773,1063,115,7.0,9,0,2022-05-29 13:00:00
12774,1063,209,17.0,7,0,2022-05-29 13:00:00
12775,1063,8,235.0,1,5,2022-05-29 13:00:00
12776,1063,49,41.0,5,0,2022-05-29 13:00:00
12777,1063,207,15.0,8,0,2022-05-29 13:00:00
12778,1063,129,134.0,3,0,2022-05-29 13:00:00
12779,1063,5,199.0,2,2,2022-05-29 13:00:00
12780,1063,210,40.0,6,0,2022-05-29 13:00:00
12781,1064,8,279.0,1,6,2022-06-12 11:00:00
12782,1064,0,65.0,4,0,2022-06-12 11:00:00
12783,1064,2,3.0,10,0,2022-06-12 11:00:00
12784,1064,115,15.0,9,0,2022-06-12 11:00:00
12785,1064,209,27.0,7,0,2022-06-12 11:00:00
12786,1064,210,47.0,5,0,2022-06-12 11:00:00
12787,1064,207,15.0,8,0,2022-06-12 11:00:00
12788,1064,129,161.0,3,0,2022-06-12 11:00:00
12789,1064,5,199.0,2,2,2022-06-12 11:00:00
12790,1064,49,41.0,6,0,2022-06-12 11:00:00
12791,1065,129,188.0,3,0,2022-06-19 18:00:00
12792,1065,49,51.0,6,0,2022-06-19 18:00:00
12793,1065,210,57.0,5,0,2022-06-19 18:00:00
12794,1065,115,16.0,8,0,2022-06-19 18:00:00
12795,1065,207,15.0,9,0,2022-06-19 18:00:00
12796,1065,2,3.0,10,0,2022-06-19 18:00:00
12797,1065,209,27.0,7,0,2022-06-19 18:00:00
12798,1065,5,228.0,2,2,2022-06-19 18:00:00
12799,1065,0,65.0,4,0,2022-06-19 18:00:00
12800,1065,8,304.0,1,7,2022-06-19 18:00:00
12801,1066,8,328.0,1,7,2022-07-03 14:00:00
12802,1066,0,73.0,4,0,2022-07-03 14:00:00
12803,1066,2,3.0,10,0,2022-07-03 14:00:00
12804,1066,115,18.0,9,0,2022-07-03 14:00:00
12805,1066,209,27.0,7,0,2022-07-03 14:00:00
12806,1066,210,67.0,5,0,2022-07-03 14:00:00
12807,1066,49,51.0,6,0,2022-07-03 14:00:00
12808,1066,207,20.0,8,0,2022-07-03 14:00:00
12809,1066,129,204.0,3,0,2022-07-03 14:00:00
12810,1066,5,265.0,2,3,2022-07-03 14:00:00
12811,1067,8,359.0,1,7,2022-07-10 13:00:00
12812,1067,2,3.0,10,0,2022-07-10 13:00:00
12813,1067,115,18.0,9,0,2022-07-10 13:00:00
12814,1067,209,27.0,8,0,2022-07-10 13:00:00
12815,1067,0,81.0,4,0,2022-07-10 13:00:00
12816,1067,49,51.0,6,0,2022-07-10 13:00:00
12817,1067,207,34.0,7,0,2022-07-10 13:00:00
12818,1067,129,237.0,3,0,2022-07-10 13:00:00
12819,1067,5,303.0,2,4,2022-07-10 13:00:00
12820,1067,210,81.0,5,0,2022-07-10 13:00:00
12821,1068,8,396.0,1,8,2022-07-24 13:00:00
12822,1068,0,89.0,5,0,2022-07-24 13:00:00
12823,1068,115,19.0,9,0,2022-07-24 13:00:00
12824,1068,209,27.0,8,0,2022-07-24 13:00:00
12825,1068,2,3.0,10,0,2022-07-24 13:00:00
12826,1068,49,51.0,6,0,2022-07-24 13:00:00
12827,1068,207,34.0,7,0,2022-07-24 13:00:00
12828,1068,129,270.0,3,0,2022-07-24 13:00:00
12829,1068,5,314.0,2,4,2022-07-24 13:00:00
12830,1068,210,93.0,4,0,2022-07-24 13:00:00
12831,1069,8,431.0,1,9,2022-07-31 13:00:00
12832,1069,5,334.0,2,4,2022-07-31 13:00:00
12833,1069,129,304.0,3,0,2022-07-31 13:00:00
12834,1069,207,34.0,7,0,2022-07-31 13:00:00
12835,1069,49,51.0,6,0,2022-07-31 13:00:00
12836,1069,210,99.0,4,0,2022-07-31 13:00:00
12837,1069,209,27.0,8,0,2022-07-31 13:00:00
12838,1069,115,20.0,9,0,2022-07-31 13:00:00
12839,1069,2,3.0,10,0,2022-07-31 13:00:00
12840,1069,0,95.0,5,0,2022-07-31 13:00:00
12841,1070,2,4.0,10,0,2022-08-28 13:00:00
12842,1070,115,24.0,9,0,2022-08-28 13:00:00
12843,1070,8,475.0,1,10,2022-08-28 13:00:00
12844,1070,209,29.0,8,0,2022-08-28 13:00:00
12845,1070,0,95.0,5,0,2022-08-28 13:00:00
12846,1070,49,51.0,6,0,2022-08-28 13:00:00
12847,1070,5,357.0,2,4,2022-08-28 13:00:00
12848,1070,210,115.0,4,0,2022-08-28 13:00:00
12849,1070,207,34.0,7,0,2022-08-28 13:00:00
12850,1070,129,316.0,3,0,2022-08-28 13:00:00
12851,1071,5,376.0,2,4,2022-09-04 13:00:00
12852,1071,129,346.0,3,0,2022-09-04 13:00:00
12853,1071,207,34.0,7,0,2022-09-04 13:00:00
12854,1071,49,51.0,6,0,2022-09-04 13:00:00
12855,1071,210,125.0,4,0,2022-09-04 13:00:00
12856,1071,209,29.0,8,0,2022-09-04 13:00:00
12857,1071,115,25.0,9,0,2022-09-04 13:00:00
12858,1071,2,4.0,10,0,2022-09-04 13:00:00
12859,1071,0,101.0,5,0,2022-09-04 13:00:00
12860,1071,8,511.0,1,11,2022-09-04 13:00:00
12861,1072,0,107.0,5,0,2022-09-11 13:00:00
12862,1072,2,6.0,10,0,2022-09-11 13:00:00
12863,1072,115,25.0,9,0,2022-09-11 13:00:00
12864,1072,209,33.0,8,0,2022-09-11 13:00:00
12865,1072,8,545.0,1,12,2022-09-11 13:00:00
12866,1072,49,52.0,6,0,2022-09-11 13:00:00
12867,1072,207,34.0,7,0,2022-09-11 13:00:00
12868,1072,129,371.0,3,0,2022-09-11 13:00:00
12869,1072,5,406.0,2,4,2022-09-11 13:00:00
12870,1072,210,125.0,4,0,2022-09-11 13:00:00
12871,1073,0,129.0,4,0,2022-10-02 12:00:00
12872,1073,2,6.0,10,0,2022-10-02 12:00:00
12873,1073,115,37.0,7,0,2022-10-02 12:00:00
12874,1073,209,34.0,9,0,2022-10-02 12:00:00
12875,1073,8,576.0,1,13,2022-10-02 12:00:00
12876,1073,49,52.0,6,0,2022-10-02 12:00:00
12877,1073,210,125.0,5,0,2022-10-02 12:00:00
12878,1073,5,439.0,2,4,2022-10-02 12:00:00
12879,1073,129,373.0,3,0,2022-10-02 12:00:00
12880,1073,207,34.0,8,0,2022-10-02 12:00:00
12881,1074,8,619.0,1,14,2022-10-09 05:00:00
12882,1074,0,130.0,5,0,2022-10-09 05:00:00
12883,1074,209,34.0,9,0,2022-10-09 05:00:00
12884,1074,207,34.0,8,0,2022-10-09 05:00:00
12885,1074,2,8.0,10,0,2022-10-09 05:00:00
12886,1074,129,387.0,3,0,2022-10-09 05:00:00
12887,1074,210,143.0,4,0,2022-10-09 05:00:00
12888,1074,115,45.0,7,0,2022-10-09 05:00:00
12889,1074,49,52.0,6,0,2022-10-09 05:00:00
12890,1074,5,454.0,2,4,2022-10-09 05:00:00
12891,1075,209,35.0,9,0,2022-10-23 19:00:00
12892,1075,129,416.0,3,0,2022-10-23 19:00:00
12893,1075,207,36.0,8,0,2022-10-23 19:00:00
12894,1075,49,52.0,6,0,2022-10-23 19:00:00
12895,1075,8,656.0,1,15,2022-10-23 19:00:00
12896,1075,115,49.0,7,0,2022-10-23 19:00:00
12897,1075,210,149.0,4,0,2022-10-23 19:00:00
12898,1075,0,138.0,5,0,2022-10-23 19:00:00
12899,1075,2,8.0,10,0,2022-10-23 19:00:00
12900,1075,5,469.0,2,4,2022-10-23 19:00:00
12901,1076,49,53.0,6,0,2022-10-30 20:00:00
12902,1076,115,49.0,7,0,2022-10-30 20:00:00
12903,1076,210,153.0,4,0,2022-10-30 20:00:00
12904,1076,2,8.0,10,0,2022-10-30 20:00:00
12905,1076,129,447.0,3,0,2022-10-30 20:00:00
12906,1076,207,36.0,8,0,2022-10-30 20:00:00
12907,1076,209,35.0,9,0,2022-10-30 20:00:00
12908,1076,0,146.0,5,0,2022-10-30 20:00:00
12909,1076,8,696.0,1,16,2022-10-30 20:00:00
12910,1076,5,487.0,2,4,2022-10-30 20:00:00
12911,1077,115,50.0,7,0,2022-11-13 18:00:00
12912,1077,8,719.0,1,16,2022-11-13 18:00:00
12913,1077,0,148.0,5,0,2022-11-13 18:00:00
12914,1077,2,8.0,10,0,2022-11-13 18:00:00
12915,1077,209,35.0,9,0,2022-11-13 18:00:00
12916,1077,5,524.0,2,4,2022-11-13 18:00:00
12917,1077,49,55.0,6,0,2022-11-13 18:00:00
12918,1077,207,37.0,8,0,2022-11-13 18:00:00
12919,1077,129,505.0,3,1,2022-11-13 18:00:00
12920,1077,210,167.0,4,0,2022-11-13 18:00:00
12921,1078,115,55.0,7,0,2022-11-20 13:00:00
12922,1078,8,759.0,1,17,2022-11-20 13:00:00
12923,1078,0,159.0,5,0,2022-11-20 13:00:00
12924,1078,2,8.0,10,0,2022-11-20 13:00:00
12925,1078,209,35.0,9,0,2022-11-20 13:00:00
12926,1078,5,554.0,2,4,2022-11-20 13:00:00
12927,1078,49,55.0,6,0,2022-11-20 13:00:00
12928,1078,207,37.0,8,0,2022-11-20 13:00:00
12929,1078,129,515.0,3,1,2022-11-20 13:00:00
12930,1078,210,173.0,4,0,2022-11-20 13:00:00
12931,1079,8,43.0,1,1,2023-03-05 15:00:00
12932,1079,115,23.0,2,0,2023-03-05 15:00:00
12933,1079,5,12.0,4,0,2023-03-05 15:00:00
12934,1079,129,16.0,3,0,2023-03-05 15:00:00
12935,1079,49,4.0,5,0,2023-03-05 15:00:00
12936,1079,2,1.0,7,0,2023-03-05 15:00:00
12937,1079,209,0.0,8,0,2023-03-05 15:00:00
12938,1079,207,0.0,9,0,2023-03-05 15:00:00
12939,1079,0,0.0,10,0,2023-03-05 15:00:00
12940,1079,210,2.0,6,0,2023-03-05 15:00:00
12941,1080,8,87.0,1,2,2023-03-19 17:00:00
12942,1080,129,38.0,3,0,2023-03-19 17:00:00
12943,1080,115,38.0,2,0,2023-03-19 17:00:00
12944,1080,210,8.0,5,0,2023-03-19 17:00:00
12945,1080,5,26.0,4,0,2023-03-19 17:00:00
12946,1080,207,1.0,7,0,2023-03-19 17:00:00
12947,1080,2,1.0,8,0,2023-03-19 17:00:00
12948,1080,209,0.0,9,0,2023-03-19 17:00:00
12949,1080,0,0.0,10,0,2023-03-19 17:00:00
12950,1080,49,4.0,6,0,2023-03-19 17:00:00
12951,1081,0,12.0,5,0,2023-04-02 05:00:00
12952,1081,207,7.0,7,0,2023-04-02 05:00:00
12953,1081,209,1.0,9,0,2023-04-02 05:00:00
12954,1081,2,1.0,10,0,2023-04-02 05:00:00
12955,1081,210,8.0,6,0,2023-04-02 05:00:00
12956,1081,49,6.0,8,0,2023-04-02 05:00:00
12957,1081,129,56.0,3,0,2023-04-02 05:00:00
12958,1081,5,26.0,4,0,2023-04-02 05:00:00
12959,1081,115,65.0,2,0,2023-04-02 05:00:00
12960,1081,8,123.0,1,3,2023-04-02 05:00:00
12961,1082,207,7.0,7,0,2023-04-30 11:00:00
12962,1082,209,2.0,9,0,2023-04-30 11:00:00
12963,1082,2,1.0,10,0,2023-04-30 11:00:00
12964,1082,210,8.0,6,0,2023-04-30 11:00:00
12965,1082,0,14.0,5,0,2023-04-30 11:00:00
12966,1082,129,76.0,3,0,2023-04-30 11:00:00
12967,1082,5,62.0,4,0,2023-04-30 11:00:00
12968,1082,115,87.0,2,0,2023-04-30 11:00:00
12969,1082,8,180.0,1,4,2023-04-30 11:00:00
12970,1082,49,6.0,8,0,2023-04-30 11:00:00
12971,1083,207,8.0,7,0,2023-05-07 19:30:00
12972,1083,209,2.0,9,0,2023-05-07 19:30:00
12973,1083,2,1.0,10,0,2023-05-07 19:30:00
12974,1083,210,14.0,6,0,2023-05-07 19:30:00
12975,1083,0,14.0,5,0,2023-05-07 19:30:00
12976,1083,129,96.0,3,0,2023-05-07 19:30:00
12977,1083,5,78.0,4,0,2023-05-07 19:30:00
12978,1083,115,102.0,2,0,2023-05-07 19:30:00
12979,1083,8,224.0,1,5,2023-05-07 19:30:00
12980,1083,49,6.0,8,0,2023-05-07 19:30:00
12981,1084,0,17.0,6,0,2023-05-28 13:00:00
12982,1084,207,8.0,7,0,2023-05-28 13:00:00
12983,1084,209,2.0,9,0,2023-05-28 13:00:00
12984,1084,2,1.0,10,0,2023-05-28 13:00:00
12985,1084,210,35.0,5,0,2023-05-28 13:00:00
12986,1084,49,6.0,8,0,2023-05-28 13:00:00
12987,1084,5,90.0,4,0,2023-05-28 13:00:00
12988,1084,115,120.0,2,0,2023-05-28 13:00:00
12989,1084,8,249.0,1,6,2023-05-28 13:00:00
12990,1084,129,119.0,3,0,2023-05-28 13:00:00
12991,1085,2,1.0,10,0,2023-06-04 13:00:00
12992,1085,207,8.0,7,0,2023-06-04 13:00:00
12993,1085,0,17.0,6,0,2023-06-04 13:00:00
12994,1085,210,40.0,5,0,2023-06-04 13:00:00
12995,1085,209,2.0,9,0,2023-06-04 13:00:00
12996,1085,129,152.0,2,0,2023-06-04 13:00:00
12997,1085,5,100.0,4,0,2023-06-04 13:00:00
12998,1085,115,134.0,3,0,2023-06-04 13:00:00
12999,1085,8,287.0,1,7,2023-06-04 13:00:00
13000,1085,49,8.0,8,0,2023-06-04 13:00:00
13001,1086,115,154.0,3,0,2023-06-18 18:00:00
13002,1086,5,122.0,4,0,2023-06-18 18:00:00
13003,1086,129,167.0,2,0,2023-06-18 18:00:00
13004,1086,49,9.0,7,0,2023-06-18 18:00:00
13005,1086,8,321.0,1,8,2023-06-18 18:00:00
13006,1086,2,7.0,9,0,2023-06-18 18:00:00
13007,1086,209,2.0,10,0,2023-06-18 18:00:00
13008,1086,207,8.0,8,0,2023-06-18 18:00:00
13009,1086,0,17.0,6,0,2023-06-18 18:00:00
13010,1086,210,44.0,5,0,2023-06-18 18:00:00
13011,1087,129,178.0,2,0,2023-07-02 13:00:00
13012,1087,49,9.0,8,0,2023-07-02 13:00:00
13013,1087,8,377.0,1,9,2023-07-02 13:00:00
13014,1087,210,47.0,5,0,2023-07-02 13:00:00
13015,1087,0,29.0,6,0,2023-07-02 13:00:00
13016,1087,209,2.0,10,0,2023-07-02 13:00:00
13017,1087,5,154.0,4,0,2023-07-02 13:00:00
13018,1087,2,7.0,9,0,2023-07-02 13:00:00
13019,1087,207,11.0,7,0,2023-07-02 13:00:00
13020,1087,115,175.0,3,0,2023-07-02 13:00:00
13021,1088,2,11.0,7,0,2023-07-09 14:00:00
13022,1088,207,11.0,8,0,2023-07-09 14:00:00
13023,1088,209,2.0,10,0,2023-07-09 14:00:00
13024,1088,0,59.0,5,0,2023-07-09 14:00:00
13025,1088,210,47.0,6,0,2023-07-09 14:00:00
13026,1088,5,157.0,4,0,2023-07-09 14:00:00
13027,1088,129,203.0,2,0,2023-07-09 14:00:00
13028,1088,115,181.0,3,0,2023-07-09 14:00:00
13029,1088,8,411.0,1,10,2023-07-09 14:00:00
13030,1088,49,9.0,9,0,2023-07-09 14:00:00
13031,1089,0,87.0,5,0,2023-07-23 13:00:00
13032,1089,207,11.0,8,0,2023-07-23 13:00:00
13033,1089,2,11.0,7,0,2023-07-23 13:00:00
13034,1089,210,47.0,6,0,2023-07-23 13:00:00
13035,1089,209,2.0,10,0,2023-07-23 13:00:00
13036,1089,129,223.0,2,0,2023-07-23 13:00:00
13037,1089,5,167.0,4,0,2023-07-23 13:00:00
13038,1089,115,184.0,3,0,2023-07-23 13:00:00
13039,1089,8,452.0,1,11,2023-07-23 13:00:00
13040,1089,49,9.0,9,0,2023-07-23 13:00:00
13041,1090,207,11.0,8,0,2023-07-30 13:00:00
13042,1090,8,503.0,1,12,2023-07-30 13:00:00
13043,1090,115,196.0,3,0,2023-07-30 13:00:00
13044,1090,5,191.0,4,0,2023-07-30 13:00:00
13045,1090,129,247.0,2,0,2023-07-30 13:00:00
13046,1090,49,9.0,9,0,2023-07-30 13:00:00
13047,1090,210,57.0,6,0,2023-07-30 13:00:00
13048,1090,2,11.0,7,0,2023-07-30 13:00:00
13049,1090,209,3.0,10,0,2023-07-30 13:00:00
13050,1090,0,103.0,5,0,2023-07-30 13:00:00
