driverId,season,skill_score,n_races
0,2007,0.75567865,16
0,2008,0.74199235,17
0,2009,0.67011595,14
0,2010,0.68890727,16
0,2011,0.7002009,16
0,2012,0.6965448,15
0,2013,0.7101644,18
0,2014,0.8346764,16
0,2015,0.81274414,18
0,2016,0.8109073,19
0,2017,0.81028223,20
0,2018,0.8176753,20
0,2019,0.8204275,21
0,2020,0.85030264,16
0,2021,0.7856785,21
0,2022,0.72544616,21
0,2023,0.6992416,21
0,2024,0.682714,22
0,2025,0.6510045,21
1,2000,0.13588963,6
1,2001,0.2634456,11
1,2002,0.25399998,14
1,2003,0.24139683,12
1,2004,0.17845462,11
1,2005,0.23718111,9
1,2006,0.2636251,15
1,2007,0.39057568,15
1,2008,0.36524588,18
1,2009,0.23806527,15
1,2010,0.231074,4
1,2011,0.2582298,8
2,2006,0.42152032,9
2,2007,0.5398122,14
2,2008,0.5056848,16
2,2009,0.56280595,16
2,2010,0.62095106,16
2,2011,0.51398367,17
2,2012,0.5559806,17
2,2013,0.6567903,17
2,2014,0.76275456,17
2,2015,0.7719091,18
2,2016,0.7649558,20
3,2001,0.15385169,9
3,2003,0.42441034,11
3,2004,0.3739278,13
3,2005,0.5011041,17
3,2006,0.50923884,16
3,2007,0.5183506,16
3,2008,0.3677812,15
3,2009,0.33526817,14
3,2010,0.49226284,18
3,2011,0.5053323,18
3,2012,0.49556816,18
3,2013,0.47606495,18
3,2014,0.40069947,17
3,2015,0.21995713,11
3,2016,0.29724935,17
3,2017,0.23758125,11
3,2018,0.27565366,15
3,2021,0.34445363,20
3,2022,0.33286503,17
3,2023,0.4376615,20
3,2024,0.3005115,23
3,2025,0.29330644,19
4,2007,0.18034677,16
4,2008,0.28075996,15
4,2009,0.18257575,12
4,2010,0.045346577,13
4,2011,0.08701835,14
4,2012,0.06208893,19
4,2013,0.16536708,2
5,2007,-0.37112594,1
5,2008,-0.104071185,16
5,2009,-0.06733368,13
6,2008,0.038553,14
6,2009,0.051377077,6
7,2001,0.1613174,10
7,2002,0.18254189,7
7,2003,0.3914847,13
7,2004,0.26472706,10
7,2005,0.3986643,16
7,2006,0.3189474,12
7,2007,0.43197313,15
7,2008,0.40582344,16
7,2009,0.3804753,15
7,2012,0.31326914,20
7,2013,0.34115425,15
7,2014,0.23566641,18
7,2015,0.32912245,14
7,2016,0.34405807,17
7,2017,0.37709692,17
7,2018,0.38091335,17
7,2019,0.18513794,19
7,2020,0.14577676,16
7,2021,0.20390838,18
8,2006,0.2138009,5
8,2007,0.23091681,13
8,2008,0.35390088,16
8,2009,0.122937255,14
8,2010,0.23001201,16
8,2019,0.03960416,19
8,2021,-0.10877617,2
9,2004,0.054034777,4
9,2008,0.29460552,14
9,2009,0.3490307,14
9,2010,0.11180574,10
9,2011,0.1603845,13
9,2012,0.1323837,19
10,2002,0.12243829,10
10,2003,0.15969482,1
10,2004,0.20542113,13
10,2005,0.16504826,8
10,2006,0.029357702,10
10,2007,0.040298343,14
10,2008,0.06909786,3
11,2008,0.3156005,9
11,2009,0.24661806,8
12,2002,0.1822144,8
12,2004,0.30929786,14
12,2005,0.27957967,16
12,2006,0.50649446,16
12,2007,0.5489704,15
12,2008,0.542831,16
12,2009,0.31471664,7
12,2010,0.41507283,18
12,2011,0.3626844,16
12,2012,0.34758928,19
12,2013,0.37615973,17
12,2014,0.35378358,16
12,2015,0.39301753,16
12,2016,0.26870805,18
12,2017,0.28044045,17
13,1994,0.26501113,5
13,1995,0.5592337,9
13,1996,0.3007057,9
13,1997,0.36452055,10
13,1998,0.45429865,12
13,1999,0.45844343,9
13,2000,0.6186625,14
13,2001,0.54673284,13
13,2002,0.47769675,13
13,2003,0.31077212,11
13,2004,0.33746746,14
13,2005,0.28127834,14
13,2006,0.29830527,13
13,2007,0.31645432,10
13,2008,0.30517036,13
14,1997,-0.2617039,10
14,1998,-0.30948544,7
14,1999,-0.22520424,8
14,2000,-0.23140159,10
14,2001,-0.17223464,8
14,2002,-0.25511906,8
14,2003,-0.21240826,11
14,2004,-0.060371906,14
14,2005,-0.11875655,15
14,2006,-0.21275887,13
14,2007,-0.3009829,13
14,2008,-0.1956525,15
14,2009,-0.2113814,13
14,2010,-0.27984002,11
14,2011,-0.33379713,14
15,2007,-0.048700184,10
15,2008,-0.039819214,7
15,2009,-0.015039881,13
15,2010,0.042161394,15
15,2011,0.005676498,17
15,2013,0.058128998,15
15,2014,0.0037748143,12
16,2002,0.18334047,10
16,2003,0.24674036,11
16,2004,0.261376,10
16,2005,0.2908519,13
16,2006,0.2795833,7
16,2007,0.30402523,10
16,2008,0.31920138,15
16,2009,0.47892177,15
16,2010,0.5055766,17
16,2011,0.6055216,18
16,2012,0.47367838,18
16,2013,0.46716583,16
17,2000,0.006289804,11
17,2001,-0.076479346,11
17,2002,0.031878214,12
17,2003,-0.031825904,10
17,2004,0.21241163,15
17,2005,0.17402636,11
17,2006,0.09982245,14
17,2007,-0.014924949,11
17,2008,-0.03768981,14
17,2009,0.20852746,16
17,2010,0.14985982,17
17,2011,0.26526487,17
17,2012,0.06923889,18
17,2013,0.065430954,19
17,2014,0.07840817,18
17,2015,-0.06790615,13
17,2016,0.0010206222,15
18,2007,0.020603761,12
18,2008,0.08907383,2
19,2007,0.20203248,5
19,2008,0.37282705,12
19,2009,0.45324928,14
19,2010,0.51039207,16
19,2011,0.56149566,18
19,2012,0.49076486,19
19,2013,0.5578746,18
19,2014,0.4240271,16
19,2015,0.54408765,18
19,2016,0.4699588,17
19,2017,0.50832695,18
19,2018,0.53942776,20
19,2019,0.4776898,19
19,2020,0.36272705,15
19,2021,0.308504,19
19,2022,0.26702493,18
20,1996,-0.3524126,3
20,1997,-0.08848037,13
20,1998,-0.10454123,11
20,1999,-0.16418883,10
20,2000,-0.09102868,12
20,2001,-0.14117642,11
20,2002,-0.155485,8
20,2003,-0.14066097,7
20,2004,-0.098582424,17
20,2005,-0.050643828,13
20,2006,0.057909414,16
20,2007,-0.070777446,14
20,2008,-0.24678111,11
20,2009,-0.1921123,16
21,1993,0.20984754,8
21,1994,0.3115476,8
21,1995,0.20766233,8
21,1996,0.2394824,9
21,1997,0.24366014,3
21,1998,0.29987547,6
21,1999,0.37400854,11
21,2000,0.4217734,13
21,2001,0.45800647,14
21,2002,0.45580992,12
21,2003,0.42471287,11
21,2004,0.48600796,17
21,2005,0.36657393,17
21,2006,0.29008085,15
21,2007,0.22997102,15
21,2008,0.20924684,13
21,2009,0.36836705,16
21,2010,0.2831494,17
21,2011,0.24088307,16
22,1997,0.5321275,7
22,1998,0.51311797,9
22,1999,0.5767565,12
22,2000,0.52338916,10
22,2001,0.5701777,10
22,2002,0.64970833,15
22,2003,0.5682829,13
22,2004,0.48230895,7
22,2005,0.5678354,17
22,2006,0.5333085,11
22,2007,0.3731922,11
23,2005,-0.15380691,2
23,2006,0.08549701,14
23,2007,0.08683663,10
23,2009,0.017395884,4
23,2010,0.1437754,13
23,2011,0.12840435,12
24,1997,0.03165838,1
24,1998,0.3217642,11
24,1999,0.2086287,10
24,2000,0.20294863,12
24,2005,0.11024759,1
24,2007,0.28160757,12
25,2006,0.042169493,14
25,2007,0.06867674,3
26,2005,-0.20036562,13
26,2006,-0.14035498,10
26,2007,-0.14017545,5
28,2006,-0.14077674,3
28,2007,-0.13034871,5
28,2010,-0.115531944,6
29,1991,0.47554722,3
29,1992,0.66238767,12
29,1993,0.61190313,9
29,1994,0.712921,10
29,1995,0.666413,13
29,1996,0.63972545,10
29,1997,0.6567845,13
29,1998,0.8000885,13
29,1999,0.605357,8
29,2000,0.75960404,13
29,2001,0.79588604,15
29,2002,0.854126,17
29,2003,0.7402746,15
29,2004,0.8252616,17
29,2005,0.6462314,13
29,2006,0.70606893,16
29,2010,0.53562355,17
29,2011,0.55632734,14
29,2012,0.5554678,13
30,2001,0.30902386,6
30,2002,0.48111457,13
30,2003,0.5466138,13
30,2004,0.46645108,14
30,2005,0.51425815,11
30,2006,0.36862874,5
31,2004,0.07073009,14
31,2005,0.14273304,11
31,2006,0.14901234,8
31,2010,0.06473139,2
32,2005,-0.0058994144,18
32,2006,-0.06961442,11
33,2006,0.02854941,1
34,1996,0.7144342,13
34,1997,0.66303855,11
34,1998,0.6019308,13
34,1999,0.5212285,4
34,2000,0.506035,13
34,2001,0.5703,11
34,2002,0.5186351,10
34,2003,0.4672512,7
34,2004,0.42795408,3
34,2005,0.45650217,15
34,2006,0.4945992,8
35,2006,0.051074002,3
36,1999,-0.12714711,5
36,2000,-0.0032359634,6
36,2001,0.041170288,7
36,2002,0.033090726,8
36,2005,-0.15680969,1
36,2006,0.0803682,6
36,2010,0.0716343,7
36,2011,-0.31991783,1
36,2012,0.010440698,15
37,2005,-0.15202963,6
37,2006,-0.109511405,3
38,2005,-0.11090785,14
38,2011,-0.081050694,7
38,2012,-0.066032834,12
39,2005,0.061993122,5
40,1999,0.2490572,5
40,2000,0.22996743,10
40,2001,0.110647835,1
40,2004,0.2492969,3
41,2003,0.06771341,5
41,2004,0.06531999,3
41,2005,0.08782474,3
42,2003,0.025906073,13
42,2004,0.03850174,7
43,1994,0.22211722,14
43,1995,0.2641143,11
43,1996,0.21027249,9
43,1997,0.28328925,8
43,1998,0.21206039,9
43,1999,0.21491969,10
43,2001,0.23413625,11
43,2002,0.19147372,7
43,2003,0.19308026,7
43,2004,0.17650029,13
44,2004,-0.11329609,6
45,2004,-0.11622833,9
46,2003,-0.07440043,1
46,2004,-0.014221352,11
47,1999,0.04164697,10
47,2000,-0.0022403635,10
47,2003,-0.22629824,1
47,2004,0.04869512,2
48,1994,0.09700591,7
48,1995,0.18365268,12
48,1996,0.05071668,7
48,1997,0.25311324,12
48,1998,0.17604436,12
48,1999,0.24151748,13
48,2000,0.06190325,8
48,2001,0.10392442,9
48,2002,0.03785548,7
48,2003,0.037838683,9
49,1994,0.2644922,4
49,1995,0.14273924,1
49,1996,0.13871306,4
49,1997,0.056557797,8
49,1998,-0.0033747181,3
49,2000,0.0998318,7
49,2001,0.09217599,12
49,2003,0.06956626,10
50,2003,0.3062019,7
51,2003,0.05940002,8
52,2003,-0.05810968,5
53,2000,-0.51934695,1
53,2001,0.07157564,8
54,1989,0.08597428,5
54,1990,0.16766362,10
54,1991,0.21641046,8
54,1992,0.16244596,6
54,1993,0.17880265,7
54,1994,0.31242618,8
54,1995,0.24079174,9
54,1996,0.3157634,11
54,1997,0.21753809,14
54,1998,0.2268401,12
54,1999,0.12097256,8
54,2000,0.16750577,5
54,2001,0.16688672,16
55,1993,-0.28577185,1
55,1994,0.17402652,5
55,1995,0.30742025,9
55,1996,0.2893379,6
55,1997,0.35317203,11
55,1998,0.44699857,13
55,1999,0.43467465,15
55,2000,0.23800677,12
55,2001,0.25863352,6
55,2002,0.3049443,7
56,1991,0.14452131,9
56,1992,0.29862666,9
56,1993,0.31969097,1
56,1994,0.54102236,8
56,1995,0.28722242,6
56,1996,0.3652108,13
56,1997,0.38792506,9
56,1998,0.5573665,13
56,1999,0.52476096,11
56,2000,0.5122806,14
56,2001,0.43616003,10
57,1997,0.10521567,4
57,2001,-0.0041452125,6
58,2001,0.115122594,7
58,2002,0.27723235,2
59,2000,0.040901955,12
59,2001,0.06688405,1
60,2001,-0.253136,2
61,2001,0.14115831,1
61,2002,-0.025327753,5
62,1994,-0.4994603,1
62,1995,0.13976485,12
62,1996,0.118904114,8
62,1997,0.084478036,8
62,1998,0.0923814,5
62,1999,0.1853477,7
62,2000,0.19694366,12
62,2002,0.119887635,11
63,1995,-0.010208757,8
63,1996,0.10895283,6
63,1997,0.15040424,6
63,1998,0.18976657,5
63,1999,0.1223133,4
63,2000,0.18075475,10
64,1989,0.22095089,5
64,1991,0.30308646,5
64,1992,0.2933642,5
64,1993,0.35697925,8
64,1994,0.34324607,9
64,1995,0.4467213,13
64,1996,0.32003695,8
64,1997,0.35292593,11
64,1998,0.27708876,8
64,1999,0.3616254,9
64,2000,0.33752096,9
65,2002,0.1024036,8
66,2009,0.019686684,12
66,2010,0.09091617,14
66,2011,0.073501304,14
67,1998,-0.18326564,8
67,1999,-0.17145517,4
68,1993,-0.1374367,6
68,1995,-0.12691858,9
68,1996,-0.11175756,2
68,1999,-0.12563272,6
68,2009,-0.3274465,2
69,1991,-0.16368484,2
69,1993,-0.0040962338,5
69,1994,-0.06710583,5
69,1999,0.0061113634,6
70,1992,0.17721355,2
70,1993,0.36939204,12
70,1994,0.40538976,13
70,1995,0.2947653,10
70,1996,0.3505713,12
70,1997,0.16417915,10
70,1998,0.21820444,11
70,1999,0.14612463,7
72,1996,0.07753835,8
72,1998,0.24508059,4
73,1998,0.014821999,4
74,1997,0.045320485,8
74,1998,0.0070649507,10
75,1995,-0.5859153,1
75,1997,-0.06485967,5
75,1998,-0.14895691,3
76,1984,0.009090622,3
76,1985,0.27255458,9
76,1986,0.21614559,8
76,1987,0.3462029,7
76,1988,0.3616976,11
76,1989,0.48667347,3
76,1990,0.48802602,13
76,1991,0.3973359,9
76,1992,0.3594458,10
76,1993,0.33806843,9
76,1994,0.37981188,9
76,1995,0.4779272,11
76,1996,0.26411894,9
76,1997,0.31585124,13
77,1988,-0.045175564,3
77,1989,0.017331801,1
77,1990,-0.0090362225,13
77,1991,-0.06372712,3
77,1992,-0.09221598,2
77,1994,-0.11683955,1
77,1997,0.0497127,3
78,1992,-0.08331936,6
78,1993,0.03753381,5
78,1994,-0.0504997,4
78,1995,-0.01308772,4
78,1996,0.018527135,6
78,1997,0.008440139,8
80,1990,-0.04982587,1
80,1991,0.115545474,8
80,1992,0.058974907,9
80,1994,0.13075115,4
80,1995,0.08205501,6
80,1997,0.11287153,6
81,1997,0.036517423,3
82,1993,-0.2505349,2
82,1994,0.046910334,3
82,1995,0.098751865,6
82,1996,0.09764786,8
83,1985,0.07439592,10
83,1986,0.09494355,9
83,1987,0.036342837,3
83,1988,-0.026414163,1
83,1989,0.07356205,7
83,1991,0.05826195,9
83,1992,0.3247412,11
83,1993,0.16404091,11
83,1994,0.14509554,7
83,1995,0.11210406,6
83,1996,0.13485028,9
84,1995,-0.057858955,3
84,1996,0.1353181,1
85,1996,-0.05123852,2
86,1991,0.21369562,5
86,1993,0.32393897,9
86,1994,0.30510023,7
86,1995,0.23630993,10
87,1988,-0.33057034,1
87,1990,0.16233341,6
87,1991,0.1753214,1
87,1992,0.19604053,9
87,1993,0.15085901,5
87,1995,0.04582669,3
88,1995,0.023108717,5
89,1987,0.14965683,1
89,1990,0.25832716,3
89,1991,0.20732032,9
89,1995,0.17685416,4
90,1991,-0.0006202832,1
90,1992,0.11719597,6
90,1993,0.12723401,7
90,1994,-0.028101444,2
90,1995,0.000121861696,2
91,1989,-0.02119964,2
91,1991,-0.007708625,7
91,1992,-0.0030030552,4
91,1995,0.10151268,2
92,1994,-0.49161074,1
92,1995,0.04340256,2
93,1985,-0.064452685,3
93,1988,-0.04631079,5
93,1989,-0.027894467,6
93,1990,-0.062893234,7
93,1991,-0.012550499,9
93,1992,-0.084487334,8
93,1993,-0.08595029,4
93,1994,-0.035802774,9
93,1995,-0.16935357,4
94,1981,0.20055819,5
94,1982,0.3177937,6
94,1983,0.24262393,8
94,1984,0.27160487,5
94,1985,0.36743987,10
94,1986,0.5195002,12
94,1987,0.3503153,10
94,1988,0.15583657,2
94,1989,0.4938523,6
94,1990,0.36332116,9
94,1991,0.4415167,10
94,1992,0.57912403,12
94,1994,0.25888526,2
94,1995,0.62107855,1
95,1995,0.04226457,7
96,1995,0.07666503,2
97,1995,0.06641609,1
98,1988,0.05547277,4
98,1989,-0.020332187,3
98,1990,0.14634308,1
98,1991,0.013439561,3
98,1992,0.18961212,1
98,1995,-0.07907095,1
99,1991,0.1507957,8
99,1992,0.1906186,8
99,1993,0.15446387,8
99,1994,0.1746388,8
100,1990,0.04006619,1
100,1994,0.11907989,6
101,1984,0.14283794,6
101,1985,0.3508826,9
101,1986,0.25006792,10
101,1987,0.36237815,12
101,1988,0.3802764,14
101,1989,0.31204164,9
101,1990,0.44419804,12
101,1991,0.42661682,15
101,1992,0.38832435,9
101,1993,0.31609783,12
102,1989,-0.44607088,1
102,1990,0.13044086,8
102,1991,0.1524232,2
102,1994,0.22547936,11
103,1992,0.058606792,6
103,1993,0.08993491,10
103,1994,0.13037133,10
104,1981,0.10145956,5
104,1982,0.19330007,11
104,1983,0.1886996,7
104,1984,0.16449499,8
104,1985,0.3173965,10
104,1986,0.15826288,7
104,1987,0.17314659,6
104,1988,0.22653148,10
104,1989,0.14827138,4
104,1990,0.054961614,8
104,1991,0.0202123,2
104,1992,0.1838037,14
104,1993,0.108462356,4
104,1994,0.11245047,6
105,1994,0.21650273,4
106,1994,0.04266063,1
107,1992,-0.020030286,5
108,1990,0.20970231,1
108,1991,0.29273662,5
108,1992,0.16351925,11
108,1993,0.19214706,7
108,1994,0.13517746,4
109,1981,0.1047352,6
109,1982,0.0836496,6
109,1983,0.07109956,5
109,1984,0.083063416,7
109,1985,0.022675851,3
109,1986,0.08168889,1
109,1987,0.12163918,2
109,1988,0.13676712,5
109,1989,0.03612782,9
109,1990,0.029946763,2
109,1991,0.15751062,9
109,1992,0.05137337,8
109,1993,0.07121042,6
109,1994,-0.0076888353,2
110,1994,-0.0146179795,4
111,1984,0.03432416,3
111,1985,-0.10870265,1
111,1986,0.04934751,3
111,1987,0.020060107,6
111,1988,-0.028206296,8
111,1989,-0.045992367,4
111,1990,0.009460714,9
111,1993,0.0564877,10
112,1994,0.040442847,1
113,1987,-0.093037106,3
113,1988,0.08984356,9
113,1990,0.1281549,2
113,1994,0.11495682,1
115,1994,-0.023654707,1
116,1980,0.18918602,7
116,1981,0.36110178,6
116,1982,0.32065064,8
116,1983,0.46826434,12
116,1984,0.4728029,11
116,1985,0.56880504,12
116,1986,0.5360737,13
116,1987,0.467115,12
116,1988,0.5039704,14
116,1989,0.5220045,13
116,1990,0.52581877,12
116,1991,0.40195382,8
116,1993,0.5572684,15
117,1982,0.20521316,2
117,1983,0.27566683,6
117,1984,0.3757478,6
117,1985,0.30113846,7
117,1986,0.27131736,4
117,1987,0.21719725,6
117,1988,0.271012,10
117,1989,0.24731015,8
117,1990,0.3105199,7
117,1993,0.23225899,11
118,1977,-0.081446044,5
118,1978,0.03253532,7
118,1979,0.0075344667,6
118,1980,0.041081995,7
118,1981,0.07929043,6
118,1982,0.0023956,5
118,1983,0.0575773,5
118,1984,0.1279601,6
118,1985,0.030167114,4
118,1986,-0.05627378,5
118,1987,0.11348212,7
118,1988,0.09249334,8
118,1989,0.15192038,11
118,1990,0.13796958,12
118,1991,0.29787147,11
118,1992,0.18875454,11
118,1993,0.1695629,10
119,1993,-0.04071266,3
120,1993,0.20579731,6
121,1985,-0.17700753,1
121,1987,0.015072041,6
121,1988,0.089644514,9
121,1989,0.11259411,2
121,1990,0.09564165,4
121,1991,0.07205848,3
121,1992,0.060278706,4
122,1983,0.17990395,8
122,1984,0.116711654,7
122,1985,0.15473098,12
122,1986,0.1516136,6
122,1987,0.21458735,9
122,1988,0.26432365,13
122,1989,0.2858175,10
122,1990,0.28836945,10
122,1991,0.16115105,10
122,1992,0.14602277,7
122,1993,0.15703031,5
124,1992,-0.15906836,3
125,1993,-0.11751898,2
126,1988,0.08484569,8
126,1989,0.10154021,5
126,1990,0.05558324,5
126,1991,0.09088813,8
126,1992,0.045997802,5
127,1991,0.12278748,1
127,1992,0.12676091,2
128,1989,0.16179511,5
128,1990,0.22145271,4
128,1991,0.11407051,1
128,1992,0.26391083,4
130,1988,0.08519842,5
130,1989,0.14622776,5
130,1990,0.079041705,7
130,1991,0.062382724,9
130,1992,0.08854118,4
132,1987,0.03826087,1
132,1988,-0.0053439364,7
132,1989,0.034908284,7
132,1990,0.06416999,9
132,1991,0.04907665,2
135,1979,-0.037734687,7
135,1980,0.014241529,3
135,1981,-0.018587954,1
135,1992,-0.068146594,1
136,1978,0.453598,2
136,1979,0.43692607,4
136,1980,0.5658337,10
136,1981,0.5560701,11
136,1982,0.46083546,4
136,1983,0.51944,11
136,1984,0.43902084,7
136,1985,0.4216275,7
136,1986,0.588062,12
136,1987,0.6234184,13
136,1988,0.4203284,9
136,1989,0.42187998,8
136,1990,0.48253492,13
136,1991,0.5094473,11
137,1987,-0.077389315,10
137,1988,-0.017749496,8
137,1989,-0.10622148,5
137,1990,-0.100456074,5
137,1991,-0.046173252,7
138,1989,-0.16984358,5
138,1990,-0.1455199,3
138,1991,-0.10975794,9
139,1983,0.21117537,3
139,1984,0.27777147,2
139,1985,0.23650922,11
139,1986,0.349671,10
139,1987,0.32520887,11
139,1988,0.132595,4
139,1989,0.17166698,3
140,1988,0.12020827,4
140,1991,0.22625563,1
144,1986,-0.021240748,1
144,1987,-0.0034960534,3
144,1988,0.1587748,8
144,1989,0.12786335,9
144,1990,0.096787974,10
145,1988,0.23234582,2
145,1990,0.33574927,1
146,1990,-0.0486636,4
147,1990,0.2108396,2
150,1989,-0.5263512,1
150,1990,0.13766125,5
151,1978,-0.0004586056,3
151,1979,0.044815756,1
151,1980,0.08835745,3
151,1981,0.06817901,8
151,1982,0.11774067,7
151,1983,0.026917895,6
152,2009,-0.13537432,3
152,2010,0.06727523,17
152,2011,0.09213641,16
153,2009,-0.08241777,5
153,2012,0.13459228,12
153,2013,0.20037718,16
153,2014,0.014368647,13
153,2015,0.026952602,13
153,2016,0.04564199,16
153,2017,0.04902801,17
153,2018,0.05310652,15
153,2019,-0.024948267,15
153,2020,0.02749294,12
154,2009,-0.11187753,2
154,2010,0.29058644,11
154,2011,0.231707,15
154,2012,0.23600428,16
154,2014,0.04363691,9
155,1983,-0.53827417,1
155,1984,0.0637591,6
155,1985,0.08168929,1
155,1986,0.052063778,8
155,1987,0.09118625,13
155,1988,0.07058378,7
155,1989,0.05944405,9
156,1986,0.12148557,5
156,1987,0.044021398,6
156,1989,0.04552147,4
157,1980,0.05697126,1
157,1981,0.16639079,7
157,1982,0.17600025,6
157,1983,0.30536452,8
157,1984,0.18377821,6
157,1985,0.16626313,4
157,1987,0.1889003,7
157,1988,0.12998793,8
157,1989,0.18429166,8
158,1988,0.024956848,7
158,1989,-0.0032436047,4
159,1981,-0.4643626,1
159,1983,-0.019842029,1
159,1984,0.085010186,5
159,1985,-0.02198913,3
159,1986,0.119094886,1
159,1987,0.044486795,6
159,1988,0.011078167,3
162,1978,0.012529941,4
162,1979,0.17905037,5
162,1980,0.22081426,9
162,1981,0.13728297,8
162,1982,0.119794466,6
162,1983,0.2896422,11
162,1984,0.23592849,12
162,1985,-0.05370172,1
162,1986,0.10092499,10
162,1987,0.043391757,5
162,1988,0.046080843,5
162,1989,0.002197684,6
164,1988,0.012746297,2
165,1985,0.11141758,4
165,1986,0.16535561,9
165,1987,0.15225227,11
165,1988,0.083013974,6
166,1987,0.097196676,1
166,1988,-0.004614763,1
167,1988,-0.3370352,1
168,1987,0.0132090775,8
169,1984,-0.064836666,4
169,1985,-0.05460093,2
169,1986,-0.14378774,5
169,1987,0.068347104,7
171,1974,0.2322962,1
171,1975,0.2148534,3
171,1976,0.4044794,9
171,1977,0.35586315,10
171,1978,0.42968157,14
171,1979,0.45771998,7
171,1980,0.41307807,10
171,1981,0.5184941,9
171,1982,0.23836562,4
171,1983,0.34083423,8
171,1984,0.34058318,5
171,1985,0.31369486,8
171,1986,0.3360107,6
172,1979,0.02319619,7
172,1980,0.18020064,8
172,1981,0.17609014,10
172,1982,0.1590565,8
172,1983,0.123685166,2
172,1984,0.28565052,12
172,1985,0.32363334,11
172,1986,0.15655538,1
173,1986,0.114592105,6
174,1977,0.21984403,3
174,1978,0.27190945,10
174,1979,0.29273862,5
174,1981,0.25414214,5
174,1982,0.4015276,6
174,1983,0.42572004,9
174,1984,0.19951102,7
174,1985,0.31603232,8
174,1986,0.27106106,4
175,1980,0.069975816,5
175,1981,0.09942824,9
175,1982,0.1120467,9
175,1983,0.15812987,11
175,1984,0.086575255,5
175,1985,0.16467512,9
175,1986,0.1430266,3
176,1978,0.22803915,3
176,1979,0.421559,1
176,1980,0.40232995,7
176,1981,0.2575104,3
176,1982,0.44003457,11
176,1983,0.44222987,11
176,1984,0.37939695,6
176,1985,0.44238076,9
176,1986,0.4172325,8
177,1975,0.15189192,5
177,1976,0.17299876,10
177,1977,0.20647222,8
177,1978,0.17510518,9
177,1979,0.28624237,8
177,1980,0.34843278,11
177,1981,0.3233303,12
177,1986,0.13039067,5
178,1984,-0.21172838,2
178,1985,-0.060706057,2
178,1986,-0.10313891,2
179,1986,0.057635795,3
180,1982,0.14171,4
180,1983,0.1507692,4
180,1984,0.16710167,3
180,1985,0.14125386,2
181,1972,0.21938005,8
181,1973,0.2628246,5
181,1974,0.38934356,7
181,1975,0.51218534,13
181,1976,0.538178,11
181,1977,0.52485454,12
181,1978,0.36613518,7
181,1979,0.19229512,2
181,1982,0.38207856,7
181,1983,0.27714297,6
181,1984,0.4440774,10
181,1985,0.2359116,3
182,1984,0.31603727,5
183,1982,0.019543005,7
183,1983,0.061993882,6
183,1984,0.011210639,4
184,1985,0.121177614,7
185,1983,0.048318498,1
186,1974,0.06006048,11
186,1975,0.04984361,8
186,1976,0.1692896,10
186,1977,0.07552352,5
186,1978,0.1718802,10
186,1979,0.14271407,10
186,1980,0.03916527,6
186,1981,0.1950657,10
186,1982,0.1393782,11
186,1983,0.17764577,8
186,1985,0.015829124,1
187,1983,0.080295205,6
187,1984,0.08826742,1
188,1984,0.19496845,3
189,1983,0.117176756,2
189,1984,0.046713375,1
191,1981,-0.10489236,2
191,1982,0.11517278,6
191,1983,0.14056465,3
192,1983,0.2571742,7
193,1981,-0.08196831,2
193,1982,-0.12444818,5
193,1983,-0.1688453,1
194,1982,0.0031195804,1
194,1983,0.06393424,4
195,1982,-0.043840423,4
195,1983,-0.035278976,6
196,1973,0.23804048,1
196,1974,0.26757494,7
196,1975,0.26237795,3
196,1976,0.22699909,12
196,1977,0.22560062,7
196,1978,0.16801795,4
196,1979,0.33090928,7
196,1980,0.21286432,8
196,1981,0.16962361,5
196,1982,0.14997225,3
196,1983,0.21690309,6
198,1972,0.18422261,5
198,1973,0.39826518,9
198,1974,0.42337143,9
198,1975,0.5476637,12
198,1976,0.27159214,4
198,1977,0.45120627,13
198,1978,0.47174454,12
198,1979,0.548345,9
198,1980,0.665601,11
198,1981,0.5477573,12
198,1982,-0.10369877,1
199,1973,0.18375799,1
199,1974,0.22533116,4
199,1975,0.34117237,9
199,1976,0.34035626,12
199,1977,0.2919083,9
199,1978,0.1459607,6
199,1979,0.2138626,9
199,1980,0.21902305,8
199,1982,0.1753422,6
200,1981,-0.20898591,3
200,1982,0.044785332,3
201,1978,0.024504423,10
201,1979,0.12197181,9
201,1980,0.242717,8
201,1981,0.12845874,8
201,1982,0.23298542,9
202,1977,-0.26599163,2
202,1978,0.10755763,10
202,1979,0.16042908,12
202,1980,0.07177021,8
202,1981,0.098029725,6
202,1982,-0.017250963,1
204,1975,-0.37665626,1
204,1977,0.2637023,1
204,1981,0.092096604,1
204,1982,0.1755976,7
205,1978,0.0806571,3
205,1979,-0.02971801,3
205,1980,-0.020738032,7
205,1981,-0.011285832,4
205,1982,0.06878628,9
206,1970,0.025785603,1
206,1971,0.2663822,3
206,1972,0.2944765,3
206,1974,-0.020704456,1
206,1975,0.29058477,6
206,1976,0.35667062,7
206,1977,0.51451313,10
206,1978,0.4569581,12
206,1979,0.3647034,6
206,1980,0.31921607,5
206,1981,0.28866452,7
206,1982,0.015855886,1
207,1977,-0.036172964,2
208,1979,-0.1307379,1
208,1980,-0.21614367,1
208,1982,0.14254984,1
210,1977,0.01879914,6
210,1978,-0.04556287,1
210,1980,-0.05247829,4
210,1982,-0.113905646,1
211,1978,0.07984215,4
211,1979,0.025158955,3
211,1980,0.11488583,3
211,1981,0.11506839,5
215,1981,0.13055106,3
216,1979,-0.52571183,1
216,1980,0.044452917,3
216,1981,-0.015490994,2
218,1975,-0.119315065,1
218,1978,0.07816044,4
218,1979,-0.02882612,3
218,1980,0.045371566,2
220,1972,0.11479441,1
220,1974,0.23067175,11
220,1975,0.25251946,11
220,1976,0.2864019,10
220,1977,0.22083698,8
220,1978,0.38366473,8
220,1979,0.28774768,5
221,1972,-0.44424203,1
221,1973,-0.2961013,1
221,1974,0.30891117,11
221,1975,0.17078258,11
221,1976,0.25142393,12
221,1977,0.3431594,10
221,1978,0.1777888,9
221,1979,0.33352143,13
221,1980,0.09646893,9
222,1970,0.21660571,7
222,1971,0.18115787,4
222,1972,0.17546566,6
222,1973,0.19954284,10
222,1974,0.3434254,12
222,1975,0.25172016,9
222,1976,0.2518412,12
222,1977,0.26133037,6
222,1978,0.1079072,6
222,1979,0.31343764,10
222,1980,0.26576662,1
223,1970,0.058681972,4
223,1971,0.33455572,6
223,1972,0.48774686,9
223,1973,0.46396157,11
223,1974,0.40192604,12
223,1975,0.30613285,10
223,1976,0.205308,8
223,1977,0.22815342,10
223,1978,0.27812055,10
223,1979,0.2041795,8
223,1980,0.28354308,6
228,1975,-0.08666307,2
228,1976,0.09526268,6
228,1977,0.20667678,2
228,1978,0.06270092,1
229,1974,-0.025126267,7
229,1975,-0.03296598,5
229,1976,-0.04040592,5
229,1977,-0.021661514,12
229,1978,-0.10458248,7
229,1979,-0.05278901,1
230,1973,0.19759254,6
230,1974,0.35380968,6
230,1975,0.43341628,8
230,1976,0.4535548,10
230,1977,0.3753155,9
230,1978,0.3490713,6
230,1979,0.4003385,1
231,1972,-0.34823972,2
231,1973,-0.0511525,7
231,1974,-0.07386822,3
231,1975,-0.002065353,1
231,1976,-0.19328764,2
231,1977,-0.03947357,1
232,1974,0.40108013,4
232,1975,0.23531494,1
232,1976,0.25967404,5
232,1977,0.4634623,8
232,1978,0.27277315,4
232,1979,0.23800978,4
234,1967,-0.07649496,1
234,1968,0.27429193,6
234,1969,0.15351674,8
234,1970,0.09716635,7
234,1971,0.15996277,5
234,1972,0.029733174,8
234,1973,0.08552136,9
234,1974,0.061677698,6
234,1975,0.006862706,6
234,1976,-0.0719613,6
234,1977,-0.008731581,1
234,1978,-0.1255553,1
234,1979,-0.102705225,2
235,1979,-0.06871226,1
236,1976,-0.5720053,1
236,1977,0.036468673,5
237,1970,-0.2053332,4
237,1971,0.100024134,9
237,1972,0.082787715,10
237,1973,0.23175293,9
237,1974,0.11430454,9
237,1975,0.031208623,8
237,1976,0.08930841,6
237,1977,0.054533236,7
237,1978,0.15678884,9
238,1975,-0.023294806,2
238,1976,0.26872468,7
238,1977,0.3601494,8
238,1978,0.3049524,6
239,1977,0.19814357,1
242,1970,0.3841643,6
242,1971,0.23300205,6
242,1972,0.23418775,5
242,1973,0.12877335,3
242,1974,0.26353967,2
242,1975,0.12141012,4
242,1976,0.052123316,2
242,1978,0.104756,6
245,1977,0.05296378,6
248,1978,-0.53570616,1
249,1972,-0.01859106,5
249,1973,0.20769905,7
249,1974,0.12621087,8
249,1975,0.26694855,6
249,1976,0.13638271,9
249,1977,0.21209659,2
250,1974,-0.4537746,1
250,1975,0.19549608,1
250,1977,0.12962317,2
251,1974,0.20040138,3
251,1975,0.28198496,7
251,1976,0.20016156,12
252,1976,-0.39744136,1
252,1977,0.13139167,1
253,1975,-0.50229084,1
253,1976,-0.31765017,1
253,1977,-0.12641093,1
254,1976,0.24754412,6
254,1977,0.27574617,8
255,1976,0.03942994,3
255,1977,0.18557484,2
257,1976,0.12200581,1
257,1977,0.13450326,7
258,1973,0.12748843,2
258,1977,0.08356728,2
261,1967,-0.36956254,1
261,1968,0.20865004,3
261,1969,0.46445143,2
261,1970,0.3009828,2
261,1971,0.31513372,2
261,1973,0.3842742,5
261,1977,0.19622862,1
264,1974,-0.03880192,5
264,1976,0.020633815,3
266,1974,-0.29803282,1
266,1977,0.14307512,3
268,1974,-0.5197958,1
269,1974,-0.5064821,1
269,1977,0.12406006,1
270,1976,-0.050866015,1
271,1977,-0.23972297,1
272,1977,-0.30194092,1
273,1976,-0.39656898,1
274,1975,-0.049871482,5
274,1976,-0.1277221,2
275,1975,-0.0112415105,4
275,1976,0.1403667,1
276,1976,-0.03331127,5
277,1963,0.015090443,2
277,1964,0.054020744,3
277,1966,-0.20069379,1
277,1967,0.30490074,8
277,1968,0.060743622,4
277,1969,0.09667974,1
277,1970,0.2193777,8
277,1971,0.122339934,6
277,1972,0.18764544,9
277,1973,-0.102806985,2
277,1974,-0.0023681596,1
277,1975,-0.079641,2
277,1976,-0.0030416567,4
279,1968,0.10499207,1
279,1970,0.19004336,10
279,1971,0.07327776,4
279,1972,0.11871672,5
279,1973,0.0982925,2
279,1974,0.07768019,5
279,1976,0.14832297,4
281,1975,-0.36307642,1
283,1976,-0.28961194,3
285,1976,-0.3720595,1
286,1976,-0.4459466,1
287,1971,-0.3907072,1
287,1974,0.2521501,1
287,1975,0.15391314,6
288,1958,0.18283504,2
288,1959,0.18696721,2
288,1960,0.20871122,2
288,1961,0.17887194,3
288,1962,0.46445003,9
288,1963,0.44288442,7
288,1964,0.43925062,8
288,1965,0.46627092,9
288,1966,0.39058277,4
288,1967,0.18329336,3
288,1968,0.3290462,8
288,1969,0.3945184,7
288,1970,0.26294103,5
288,1971,0.26738366,5
288,1972,0.3004009,8
288,1973,0.18069534,6
288,1974,0.18169786,12
288,1975,0.25427684,2
289,1972,0.1294137,5
289,1973,0.19943446,6
289,1975,0.22709717,6
290,1975,-0.50789785,1
291,1974,-0.26263964,1
291,1975,-0.30751672,1
292,1970,-0.008315466,1
292,1974,0.0154142305,1
292,1975,-0.03247369,1
293,1975,0.04937038,6
295,1974,0.14567435,4
296,1975,-0.05850818,1
297,1971,-0.51730657,1
297,1973,-0.11677331,2
297,1974,-0.12489805,1
297,1975,-0.0102933645,3
299,1975,-0.0717373,1
300,1975,-0.4648992,1
301,1975,0.13682526,1
303,1965,-0.0351793,3
303,1966,0.19319934,4
303,1967,0.39547798,9
303,1968,0.366899,8
303,1969,0.25748816,7
303,1970,0.32226634,8
303,1971,0.3040007,5
303,1972,0.38564345,10
303,1973,0.30891305,14
303,1974,0.21536298,10
304,1963,-0.07871172,2
304,1964,0.2832127,5
304,1971,0.064123064,2
304,1972,0.31178817,5
304,1973,0.22095504,5
304,1974,0.36550254,8
305,1967,0.22782473,2
305,1968,0.16311269,6
305,1969,0.26940814,9
305,1970,0.29989102,8
305,1971,0.20505004,5
305,1972,0.23837,6
305,1973,0.19741668,7
305,1974,0.2047955,6
306,1971,0.23351385,6
306,1972,0.27368376,6
306,1973,0.17966007,8
306,1974,0.19198975,1
307,1974,0.15831852,2
308,1964,-0.00048226863,2
308,1972,0.4201156,8
308,1973,0.3177048,11
310,1974,0.050611593,1
311,1968,0.15107775,1
311,1971,0.10391144,1
311,1972,0.16529712,3
311,1974,0.055611525,2
312,1973,-0.0716826,2
312,1974,0.3149684,2
313,1971,0.040181313,6
313,1972,0.05111191,6
313,1973,-0.06852447,1
313,1974,-0.077667624,3
316,1970,-0.4966531,1
316,1971,0.12513013,5
316,1972,0.075411566,2
319,1970,-0.0333112,3
319,1971,0.0013569096,6
319,1972,-0.034466974,2
320,1970,-0.05201093,1
320,1974,0.03623169,1
321,1967,-0.05222999,3
321,1971,-0.2762078,1
321,1974,-0.04407691,2
322,1974,-0.46347252,1
323,1974,0.16721469,1
326,1970,0.28465015,5
326,1971,0.3724544,7
326,1972,0.30815348,6
326,1973,0.45724872,11
327,1965,0.25664803,7
327,1966,0.19074981,3
327,1967,0.24796398,2
327,1968,0.3193712,8
327,1969,0.41003558,8
327,1970,0.32020697,5
327,1971,0.40995345,9
327,1972,0.36220476,8
327,1973,0.4369744,13
328,1972,0.13649799,6
328,1973,0.14616273,7
329,1971,-0.1102172,4
329,1972,-0.11082906,1
329,1973,-0.042010404,2
330,1973,-0.44346902,1
331,1973,0.09936375,7
332,1970,-0.00975652,2
332,1971,-0.07743753,2
332,1972,0.015502806,5
332,1973,0.03347547,3
336,1971,0.1417707,3
336,1972,0.1687187,4
337,1972,0.06928335,5
339,1962,-0.5112605,1
339,1963,-0.16117582,1
339,1967,-0.090006195,1
339,1968,0.036136247,1
339,1970,-0.33602947,1
339,1972,-0.12244796,1
340,1960,0.2691488,1
340,1961,0.236065,4
340,1962,0.34025565,5
340,1963,0.23278782,5
340,1964,0.37201464,6
340,1965,0.48242188,5
340,1966,0.2715426,4
340,1967,0.30735737,5
340,1968,0.24633624,4
340,1969,0.17586076,3
340,1970,0.23928201,4
340,1971,0.23477243,8
341,1972,-0.041257687,1
343,1972,-0.061706938,1
344,1964,-0.15153849,1
344,1965,-0.031030968,2
344,1967,0.13207935,7
344,1968,0.18586072,5
344,1969,0.19136381,3
344,1970,0.17289829,8
344,1971,0.19212317,3
345,1962,0.089717425,2
345,1963,0.07049055,4
345,1964,0.07363811,6
345,1965,0.11341679,8
345,1966,0.12878409,1
345,1967,0.19456379,5
345,1968,0.18308045,6
345,1969,0.24036984,7
345,1970,0.10396155,6
345,1971,0.18536305,7
346,1957,-0.12659606,1
346,1958,0.08928859,4
346,1959,0.14245187,3
346,1960,0.06193638,3
346,1961,0.16659254,6
346,1962,0.07654125,5
346,1963,0.14248912,8
346,1964,0.093671925,4
346,1965,0.10629004,5
346,1966,0.16355312,2
346,1967,0.05660086,4
346,1968,0.061095778,3
346,1971,0.19540602,2
347,1971,-0.42210642,1
349,1968,-0.091098934,3
349,1969,0.1788504,4
349,1971,0.23021954,1
350,1968,0.13099363,1
350,1969,0.0004586652,3
351,1970,-0.026542502,3
351,1971,0.16681117,1
352,1960,0.051998846,1
352,1969,-0.026438616,2
354,1971,-0.46937367,1
355,1957,-0.044065077,3
355,1958,0.17081499,6
355,1959,0.41836014,6
355,1960,0.58420926,6
355,1961,0.18324262,2
355,1962,0.24036005,5
355,1963,0.25752282,7
355,1964,0.37177882,6
355,1965,0.17256276,4
355,1966,0.3891524,6
355,1967,0.38268888,9
355,1968,0.21774876,2
355,1969,0.26969284,4
355,1970,0.35495287,7
356,1969,0.13054657,1
356,1970,0.07056469,3
357,1965,0.2193043,5
357,1966,0.42074883,6
357,1967,0.1442557,2
357,1968,0.08385542,2
357,1969,0.45361862,4
357,1970,0.4022287,6
358,1968,0.19280759,1
358,1969,0.10035643,2
358,1970,-0.0115076825,1
359,1958,-0.010010079,2
359,1959,0.24905846,4
359,1960,0.46517983,7
359,1961,0.36319783,7
359,1962,0.48217717,7
359,1963,0.37991813,6
359,1964,0.23982832,5
359,1965,0.3016667,5
359,1966,0.18653253,2
359,1967,0.15587543,2
359,1968,0.24399506,7
359,1969,0.4416292,8
359,1970,0.15870139,1
360,1968,0.074243724,4
360,1969,0.06674669,5
361,1965,-0.23007563,1
361,1970,-0.32499713,1
362,1970,-0.14248204,3
363,1959,0.49777392,3
363,1960,0.23193923,1
363,1961,0.29297784,8
363,1962,0.4407249,5
363,1963,0.30566972,6
363,1964,0.33027163,6
363,1965,0.51513314,7
363,1966,0.1903482,3
363,1967,0.14777778,2
363,1968,0.2519451,2
363,1970,0.11874413,1
364,1968,-0.33249274,1
367,1965,0.08522887,1
367,1969,-0.0955563,1
369,1965,0.07884329,6
369,1967,0.0067919865,1
369,1968,-0.012836212,4
369,1969,-0.034643896,1
372,1960,0.29279438,5
372,1961,0.24426432,6
372,1962,0.2691999,5
372,1963,0.45183867,10
372,1964,0.26854175,7
372,1965,0.5037502,7
372,1966,0.23905964,3
372,1967,0.35684118,6
372,1968,0.40718544,1
373,1963,-0.35537526,1
373,1964,0.07138175,4
373,1965,0.22006842,7
373,1966,0.27692798,2
373,1967,0.20728339,6
374,1963,0.14715934,1
374,1964,-0.34283838,1
374,1966,-0.061849944,1
374,1967,-0.07427893,1
374,1968,0.11235515,2
375,1960,-0.09696274,1
375,1962,0.009561628,2
375,1965,0.015621208,1
375,1968,0.25647646,2
378,1968,-0.14962545,1
379,1965,0.0055256984,3
381,1963,-0.5576235,1
381,1964,-0.1687654,1
381,1965,-0.30461258,1
382,1963,-0.20235087,2
382,1964,0.17520611,6
382,1965,0.051007442,2
382,1966,0.0030687563,2
382,1967,0.11960801,3
384,1961,0.0052779987,2
384,1962,0.07721278,2
384,1963,0.11209804,4
384,1964,0.26286992,7
384,1965,0.17844597,9
384,1966,0.10697726,4
385,1960,0.0099275885,3
385,1961,0.48400572,6
385,1962,0.24659081,5
385,1963,0.4207437,8
385,1964,0.33684772,10
385,1965,0.15758789,5
385,1966,0.24839792,2
386,1966,0.08024317,2
386,1967,0.31310424,1
387,1966,-0.4269343,1
387,1967,0.2119922,4
388,1966,0.15318678,2
388,1967,0.07873192,4
389,1967,-0.23303543,2
391,1967,-0.5377439,1
393,1961,-0.5436808,1
393,1962,0.0006181474,3
393,1963,-0.10033474,1
393,1964,0.020515574,5
394,1967,-0.51014394,1
395,1965,-0.31586966,1
395,1966,0.18336006,3
396,1964,0.4317167,4
396,1966,0.11678432,4
398,1964,-0.50163597,1
398,1966,0.0039624027,3
399,1966,-0.31783307,1
400,1961,-0.050989486,1
400,1962,0.118027,4
400,1963,0.15351315,5
400,1964,0.12930213,2
401,1966,-0.19888997,1
402,1958,0.07882481,4
402,1959,0.21034303,5
402,1960,0.12218339,7
402,1961,0.35594493,7
402,1962,0.31998497,4
402,1963,0.05680863,1
402,1964,-0.027870853,5
403,1959,-0.10317972,2
403,1960,0.31588286,7
403,1961,0.27404985,3
403,1962,0.18492086,3
403,1963,0.23423202,3
403,1964,0.23367289,5
403,1965,0.1525723,3
404,1964,-0.27935788,1
404,1965,0.08715513,2
404,1966,0.12955105,1
405,1965,-0.20090957,2
406,1965,-0.102172844,1
407,1961,-0.15159333,2
407,1962,0.263581,7
407,1963,0.2812186,6
407,1964,0.12907,2
407,1965,0.2688898,1
408,1963,-0.40840915,1
409,1962,-0.3797848,1
410,1963,-0.19284534,1
411,1963,-0.605552,1
412,1962,-0.39288917,1
417,1957,0.066177234,4
417,1958,0.120580524,2
417,1959,0.09073213,3
417,1960,0.14318356,3
417,1961,0.03099208,4
417,1962,0.020027526,3
417,1963,-0.08782288,1
417,1965,-0.024121575,2
419,1965,0.2018396,1
422,1963,0.28780386,1
422,1964,0.22160956,1
423,1965,-0.074473016,1
424,1962,0.06803104,2
424,1965,-0.099170156,1
426,1952,0.08468866,2
426,1953,0.05971284,4
426,1954,0.22311158,5
426,1955,0.20147292,4
426,1957,0.00310098,2
426,1958,0.23409063,6
426,1959,0.2076981,8
426,1960,0.059358135,3
426,1961,0.06640465,3
426,1962,0.119247526,2
426,1963,0.07966246,2
426,1964,0.03922361,2
427,1963,0.004058309,1
428,1951,-0.4326248,1
428,1953,-0.21819577,1
428,1954,0.08293876,2
428,1956,0.02907221,3
429,1957,-0.38549995,1
429,1958,-0.13305473,1
429,1959,0.020619806,2
429,1960,-0.033529453,1
429,1961,-0.086433,5
429,1962,0.003857569,7
429,1963,-0.059044708,6
430,1957,-0.14247462,1
430,1958,-0.25045237,1
430,1960,-0.34778264,1
431,1959,-0.6974466,1
432,1964,-0.018222474,1
433,1961,-0.3167062,1
433,1962,-0.1033284,1
433,1963,0.026752897,1
433,1964,0.02581846,1
434,1960,0.06101098,1
434,1962,-0.04680206,2
435,1962,0.026583321,1
435,1963,0.08203978,1
436,1958,0.10604278,1
436,1959,0.14630711,2
436,1960,0.086727686,1
436,1961,0.07553621,3
436,1962,0.16397123,2
437,1962,-0.5463785,1
437,1963,-0.07915794,1
438,1960,-0.60138303,1
439,1960,-0.29325157,1
439,1963,0.13078713,7
440,1961,0.1391868,1
447,1963,-0.4299042,1
448,1953,0.067833,1
448,1956,-0.01098489,1
448,1959,0.010682203,1
448,1960,-0.044583,1
452,2017,-0.1664597,5
452,2018,-0.018671714,16
452,2019,0.027183581,20
452,2020,-0.0033688147,14
452,2021,0.04409786,19
452,2022,-0.027422272,19
452,2023,0.051535692,21
452,2024,-0.016070144,20
452,2025,-0.076607265,21
453,1961,0.045018394,3
453,1962,0.28731263,2
454,1962,0.14334966,3
455,1953,-0.39999896,1
455,1960,0.050939612,1
455,1961,-0.0352733,1
456,1952,-0.36706978,1
456,1956,0.2086567,1
456,1957,0.32359788,1
456,1958,0.3735689,8
456,1959,0.10511932,3
456,1960,0.36264303,1
456,1961,0.16028059,4
459,1957,-0.39890757,1
459,1958,-0.25840232,1
459,1961,0.28994748,1
460,1961,0.0346478,1
462,1959,0.043139227,1
463,1962,-0.36189678,1
465,1961,-0.047920756,1
466,1962,-0.49653497,1
468,1961,-0.24507508,1
468,1962,-0.14222541,1
469,1962,-0.23745412,1
471,1962,-0.43132183,1
475,1951,-0.3521556,1
475,1953,0.14761232,3
475,1954,0.14159442,2
475,1955,0.3084459,5
475,1956,0.4782378,5
475,1957,0.4940474,5
475,1958,0.3639731,5
475,1959,0.41141772,3
475,1960,0.42557675,4
475,1961,0.4531251,4
476,1957,-0.022317246,2
476,1958,0.20230134,3
476,1959,-0.1411263,1
476,1960,0.11689356,8
476,1961,0.19111076,5
477,1958,0.084698,6
477,1959,0.094835,2
477,1960,0.06153465,1
477,1961,0.21492037,1
478,1953,-0.33925912,1
478,1954,0.45909548,2
478,1955,0.10667137,1
478,1958,0.21068457,1
478,1960,0.019552208,1
478,1961,0.046015143,3
479,1957,0.24733226,4
479,1958,0.18508956,4
479,1959,0.2576534,5
479,1960,0.32301083,3
479,1961,0.12572105,6
480,1961,0.0013702884,1
481,1959,-0.37776795,1
481,1960,0.21333352,4
481,1961,0.24291949,2
482,1956,-0.33932057,1
482,1958,-0.09315755,1
482,1959,0.13378967,2
482,1960,0.33617097,5
482,1961,0.18083501,2
483,1957,0.003609173,3
483,1959,-0.010266364,2
484,1957,-0.36393633,1
484,1960,0.17407307,1
486,1956,0.13008966,2
486,1958,-0.03114269,1
489,1961,-0.020586155,1
493,1961,-0.39893362,1
494,1960,-0.26831385,1
496,1955,0.026092552,1
496,1957,-0.03791713,1
496,1958,0.086105324,1
496,1960,0.07490312,1
497,1960,-0.5630657,1
498,1951,0.5573597,5
498,1952,0.35058218,1
498,1953,0.5094063,4
498,1954,0.5414981,6
498,1955,0.44443944,1
498,1957,0.19234475,1
498,1960,0.3545592,1
499,1960,-0.42201915,1
500,1960,-0.27208143,2
501,1950,0.21444753,1
501,1951,-0.19053724,1
501,1952,0.35749945,1
501,1953,0.065956526,3
501,1954,0.018180033,3
501,1955,-0.027889192,2
501,1956,0.14955084,2
501,1957,0.25306222,5
501,1958,0.29207227,7
501,1959,0.3248981,5
502,1959,-0.020180501,1
505,1959,-0.3690742,1
506,1957,0.16169298,1
506,1960,0.0010155663,1
507,1960,0.08173937,1
509,1950,-0.43225747,1
509,1952,-0.21264765,1
509,1953,-0.12579477,1
509,1955,-0.13127021,1
509,1957,-0.12165614,1
509,1958,-0.113800414,1
509,1959,0.029499494,1
509,1960,-0.13399991,1
510,1959,0.04206208,1
510,1960,0.22743657,1
511,1960,-0.18293172,1
512,1955,-0.06439469,1
512,1957,-0.069568165,1
512,1959,0.016354322,1
512,1960,0.29536328,1
513,1952,-0.43167117,1
513,1953,-0.52241915,1
513,1955,-0.32534555,1
513,1956,-0.46074876,1
513,1958,-0.33462778,1
513,1959,-0.4023222,1
513,1960,-0.35833892,1
514,1956,-0.42242965,1
514,1957,-0.24915433,1
514,1959,-0.2757833,1
514,1960,-0.3289042,1
515,1960,-0.35655892,1
516,1956,-0.48842862,1
516,1957,-0.17086723,1
516,1960,0.047854222,1
517,1960,-0.18267557,1
518,1950,-0.4883102,1
518,1951,-0.37768257,1
518,1952,-0.33923724,1
518,1953,-0.24907768,1
518,1954,0.023687936,1
518,1955,-0.25591493,1
518,1959,-0.17775816,1
518,1960,-0.30332923,1
519,1955,-0.012998365,1
519,1960,0.12840465,1
520,1950,-0.6050696,1
520,1953,-0.31506696,1
520,1954,-0.34841916,1
520,1956,-0.31148374,1
520,1957,-0.2370612,1
520,1959,-0.34691337,1
520,1960,-0.20615643,1
521,1952,-0.014755137,1
521,1953,0.11457277,1
521,1954,-0.115837075,1
521,1960,-0.13889575,1
522,1960,0.016358294,1
523,1960,-0.1452398,1
524,1960,-0.44192538,1
525,1952,-0.45715603,1
525,1953,-0.3262981,1
525,1954,-0.33683735,1
525,1956,-0.1825073,1
525,1957,-0.2522851,1
525,1958,0.08321669,1
525,1960,-0.16403204,1
526,1950,-0.51499677,1
526,1952,-0.3045351,1
526,1954,-0.15126055,1
526,1958,-0.30220243,1
526,1960,-0.07400379,1
527,1960,-0.46469024,1
528,1954,-0.33256555,1
528,1956,-0.37926543,1
528,1957,0.079788096,1
528,1958,-0.34938553,1
528,1960,-0.07606063,1
529,1950,-0.53232986,1
529,1953,-0.23831075,1
529,1954,-0.26542804,1
529,1955,-0.23522505,1
529,1957,-0.08736441,1
529,1958,-0.27120373,1
529,1959,-0.20208359,1
529,1960,-0.12954742,1
530,1960,-0.44997284,1
531,1959,-0.28224072,1
531,1960,-0.37938362,1
532,1960,-0.6040902,1
533,1957,0.22885951,1
533,1958,0.037466787,1
533,1959,0.50670785,1
533,1960,0.06514133,1
534,1960,0.029155351,1
535,1959,-0.38336393,1
535,1960,-0.33951914,1
536,1960,-0.2881861,1
537,1956,-0.30559292,1
537,1960,-0.20344517,1
538,1955,-0.30477765,1
538,1959,-0.20290068,1
538,1960,-0.2255463,1
539,1960,-0.18780686,1
541,1956,-0.034210123,1
541,1959,0.07827597,3
541,1960,-0.01572524,1
542,1960,0.18664807,1
543,1959,-0.25494885,1
543,1960,-0.4313048,1
544,1960,-0.6149883,1
545,1960,-0.44779935,1
547,1954,-0.46518025,1
547,1956,-0.012206361,2
547,1957,0.14187938,1
547,1958,-0.12990469,1
548,1960,-0.47844836,1
549,1957,0.21498945,1
549,1958,0.060584404,1
549,1959,0.037723698,1
551,1958,0.10126179,1
554,1952,-0.027854413,3
554,1953,0.043640018,2
554,1954,0.2111512,2
554,1955,0.1892133,5
554,1956,0.35151947,6
554,1957,0.057874005,3
554,1958,0.030777633,3
554,1959,0.02684512,1
555,1950,-0.40053913,1
555,1953,-0.24061698,1
555,1954,-0.014283009,1
555,1955,-0.09545683,1
555,1957,0.047527812,1
555,1959,-0.0025578812,1
556,1953,-0.27462646,1
556,1955,-0.17758858,1
556,1959,-0.005032696,1
557,1959,-0.3795022,1
558,1956,-0.21512127,1
558,1958,-0.28001955,1
559,1950,-0.328985,1
559,1955,-0.10353904,1
559,1956,-0.28484672,1
560,1958,0.02074331,1
562,1957,-0.060209744,1
563,1955,-0.5509722,1
563,1957,-0.25807843,1
564,1958,-0.34128442,1
566,1958,0.20918892,2
566,1959,0.15139718,2
567,1959,-0.48242486,1
569,1959,-0.39877447,1
572,1959,-0.53422886,1
573,1957,-0.5116041,1
577,1953,-0.38568875,1
577,1954,-0.030062906,1
577,1955,0.21572702,4
577,1956,0.07291589,1
577,1957,0.11686694,4
577,1958,0.20189504,3
578,1952,0.24625893,3
578,1953,0.5439344,8
578,1954,0.40967926,5
578,1955,0.334227,3
578,1956,0.2360842,2
578,1957,0.53692365,4
578,1958,0.47329843,8
579,1950,0.27170303,3
579,1951,0.3237085,6
579,1953,0.3210221,5
579,1954,0.50837135,8
579,1955,0.43209544,5
579,1956,0.4129732,6
579,1957,0.39214298,6
579,1958,0.17373635,2
580,1951,-0.5084851,1
580,1954,-0.4154581,1
580,1956,0.04207744,4
580,1957,0.0060010627,1
580,1958,-0.2205148,1
581,1952,0.17990252,1
581,1953,0.17884521,2
581,1954,0.07731465,1
581,1956,0.36443803,5
581,1957,0.32035494,4
581,1958,0.19119753,3
583,1956,-0.124806434,2
583,1958,0.042877253,2
586,1956,0.12241212,1
586,1957,0.011124931,1
589,1950,0.35369378,2
589,1951,0.06719494,2
589,1953,-0.022402778,2
589,1955,-0.23249578,1
590,1957,0.0024265647,3
590,1958,0.19417842,3
591,1958,-0.4616467,1
592,1952,-0.34303463,1
592,1954,-0.18638736,1
592,1956,-0.114522316,1
592,1958,-0.07787008,1
593,1950,-0.4612327,1
593,1952,-0.08981896,1
593,1954,-0.0034892485,1
593,1956,-0.09580677,1
593,1957,-0.10248401,1
593,1958,-0.31936294,1
594,1958,-0.036909528,1
595,1956,-0.50070983,1
596,1954,-0.50962657,1
597,1955,-0.14771026,1
597,1956,-0.18651092,1
597,1957,-0.10992079,1
602,1958,-0.34832218,1
603,1958,-0.46221948,1
606,1956,0.029723115,1
606,1957,0.10258458,1
607,1955,-0.15368597,2
607,1956,0.1043666,4
607,1957,-0.24783558,1
608,1955,0.018704867,4
608,1956,-0.03883244,4
609,1951,0.015142918,1
609,1952,0.10965525,1
609,1956,0.03093671,1
609,1957,0.10414062,1
611,1952,-0.16817623,1
611,1953,0.1283704,1
611,1954,0.23828667,1
611,1956,-0.1317243,1
611,1957,-0.036482744,1
612,1951,-0.49948865,1
612,1953,-0.20433134,1
612,1954,-0.42143908,1
612,1955,-0.08783335,1
612,1957,-0.33238837,1
613,1954,-0.121079475,1
613,1957,-0.33991393,1
615,1953,-0.21877119,1
615,1954,-0.12273169,1
615,1956,-0.23388582,1
617,1957,-0.3854457,1
619,1950,-0.20474964,2
619,1951,0.0784704,1
619,1953,-0.031897895,1
619,1954,-0.058433376,1
619,1956,-0.26561162,1
619,1957,0.005379103,1
620,1953,-0.35817668,1
620,1954,0.13576683,3
620,1955,0.5391908,2
622,1952,0.12881313,2
622,1956,0.26215625,1
623,1956,-0.16414824,1
624,1955,-0.4822878,1
624,1956,0.03057862,2
625,1954,-0.11179472,1
625,1956,-0.098376445,1
626,1950,-0.13559997,1
626,1951,-0.026348874,2
626,1952,0.079230264,4
626,1954,-0.20084174,2
626,1956,0.033319242,2
627,1950,0.21524112,5
627,1951,0.15787949,6
627,1952,0.020719148,1
627,1953,0.13298076,6
627,1954,0.15854686,3
627,1955,0.24200016,2
627,1956,0.20729351,3
628,1954,-0.09633886,1
628,1955,-0.15217075,1
628,1956,0.14154854,1
629,1952,-0.1745883,1
629,1956,-0.34116176,1
630,1953,-0.15751949,1
630,1956,-0.21847138,1
632,1952,-0.59470457,1
632,1953,-0.13697794,1
632,1955,-0.062771305,2
632,1956,-0.012103118,1
633,1950,-0.11099044,1
633,1951,0.30340987,5
633,1952,0.15083551,2
633,1953,0.04333076,6
633,1954,0.3196136,1
633,1955,-0.11903877,1
633,1956,-0.011029623,2
638,1957,-0.41010478,1
640,1950,0.05668295,2
640,1951,0.11136283,2
640,1952,0.08293322,2
640,1953,0.148705,4
640,1954,0.09188085,1
640,1956,0.16550785,1
641,1951,-0.056849103,3
641,1952,0.09501757,5
641,1954,-0.1965349,1
641,1955,-0.16053648,3
642,1950,0.10626854,5
642,1951,0.33388382,5
642,1952,0.18402879,6
642,1953,0.25345084,6
642,1954,-0.049990527,1
642,1955,0.0911988,3
643,1953,0.24844113,1
643,1954,0.19749896,3
643,1955,0.0885728,4
644,1953,-0.55194986,1
644,1954,0.14458731,4
644,1955,-0.19005731,1
647,1950,0.024264088,3
647,1951,0.32580057,6
647,1952,0.4799374,6
647,1953,0.4345937,7
648,1954,-0.009552658,4
648,1955,0.21691197,2
650,1955,-0.0065026656,2
651,1952,0.14140356,4
651,1955,0.087868296,1
653,1950,-0.29360998,1
653,1953,-0.18505746,1
653,1954,-0.24009353,1
653,1955,0.048392497,1
654,1950,-0.35304245,1
654,1953,-0.20798433,1
654,1954,-0.201617,1
654,1955,-0.1551162,1
655,1954,-0.15038893,1
656,1952,-0.37515432,1
656,1953,0.18127757,1
656,1954,0.08256299,1
657,1952,-0.09723931,1
657,1953,-0.115429945,1
657,1954,0.16539264,1
658,1950,-0.27383655,1
658,1951,-0.014949419,1
658,1952,0.30130556,1
658,1953,0.16704944,1
658,1954,0.12446857,1
659,1950,-0.38020208,1
659,1954,0.12181369,1
660,1950,0.06254796,4
660,1951,0.045820054,4
660,1952,0.07974825,3
660,1953,0.00036939234,1
660,1955,-0.08439093,1
661,1951,-0.024590917,1
662,1955,-0.41882142,1
663,1952,-0.061673313,2
663,1953,0.16067292,2
663,1954,0.16697049,3
663,1955,0.17126137,1
664,1952,-0.37275693,1
664,1953,0.2626402,1
665,1954,-0.4691733,1
667,1955,-0.09675128,1
669,1950,0.15057752,2
669,1952,0.043236814,2
669,1953,0.10339968,2
669,1954,0.113331996,4
670,1953,0.25192046,2
670,1954,0.27794483,1
672,1954,0.12693954,1
673,1951,-0.4629285,1
673,1954,0.0022002682,1
674,1954,-0.5382375,1
675,1951,-0.38408032,1
675,1952,0.24624524,1
675,1953,-0.08467191,1
675,1954,-0.20916262,1
676,1954,-0.47798246,1
677,1950,-0.33846483,1
679,1953,-0.5112951,1
679,1954,-0.19658592,1
680,1951,-0.48179293,1
680,1953,-0.032113217,1
680,1954,0.019899778,1
682,1954,-0.5415936,1
683,1954,-0.31470475,1
686,1950,-0.44973397,1
686,1951,0.027888834,2
686,1952,0.047451265,1
687,1950,0.2976959,2
687,1951,0.22415146,1
687,1952,0.01096233,1
687,1953,0.0683003,1
688,1952,-0.054948125,4
689,1952,0.035038523,4
689,1953,0.06807195,2
690,1953,-0.34293947,1
691,1953,-0.4214471,1
692,1953,-0.20913106,1
693,1953,-0.466192,1
693,1954,-0.13460961,1
695,1953,-0.57825905,1
696,1953,-0.5213892,1
697,1950,-0.57384825,1
697,1951,0.09078158,3
697,1952,-0.06479398,1
697,1953,0.041649893,4
699,1953,-0.0691775,1
700,1953,0.061794333,1
701,1950,-0.13225192,1
701,1953,0.26286063,1
702,1953,-0.2000694,1
702,1954,-0.29852098,1
703,1952,-0.442738,1
704,1950,-0.31760314,2
704,1951,0.18653351,3
704,1952,-0.23384571,1
704,1953,-0.25254506,2
705,1952,-0.4839475,1
708,1951,-0.52089095,1
708,1952,0.08568787,1
709,1952,-0.4699892,1
709,1953,-0.31610405,1
710,1953,-0.15994945,1
717,1953,-0.0054100007,1
719,1953,-0.3067784,1
720,1953,-0.055546053,1
721,1952,0.06429319,2
723,1951,-0.2200192,2
723,1952,0.112282924,4
724,1952,0.21200764,1
726,1950,-0.37750432,1
726,1952,-0.039656453,1
727,1952,-0.35511872,1
728,1952,0.08441717,1
729,1952,-0.2877749,1
730,1952,-0.27288616,1
730,1954,-0.051728018,1
731,1951,-0.043776743,1
731,1952,-0.24117482,1
732,1950,-0.29808372,1
732,1952,-0.19825083,1
734,1951,-0.39012888,1
735,1952,-0.26281285,1
736,1952,-0.20420659,2
737,1952,-0.33179852,1
738,1952,-0.45303255,1
740,1952,-0.17125338,1
741,1950,0.03213976,3
741,1951,0.21759413,2
741,1952,-0.013307713,1
742,1952,-0.09067626,2
743,1952,-0.58585185,1
744,1952,-0.3385473,1
745,1952,-0.3078622,1
746,1952,-0.68014467,1
748,1952,0.17624375,1
751,1952,-0.4121354,1
752,1952,-0.23982152,1
753,1952,-0.2938233,1
759,1952,-0.46880963,1
762,1951,0.23626733,1
763,1951,0.060749173,3
764,1951,-0.06526877,2
766,1950,-0.53116226,1
766,1951,-0.3330793,1
767,1951,-0.45736352,1
768,1950,-0.4023195,1
770,1950,-0.37244645,1
771,1950,-0.39122352,1
772,1950,-0.36797193,1
773,1950,-0.3727273,1
773,1951,0.041733168,2
774,1950,0.2669619,1
774,1951,0.24448192,1
778,1950,-0.36187026,1
778,1951,-0.23185268,1
780,1950,-0.20408769,2
784,1950,-0.5187922,1
785,1950,0.045913212,1
786,1950,0.033421297,5
786,1951,0.36861727,1
787,1950,-0.4875687,1
788,1950,-0.40532655,1
793,1950,-0.39468303,1
794,1950,-0.43471798,1
795,1950,-0.41834408,1
796,1950,-0.35078815,1
797,1950,-0.4275044,1
799,1954,-0.42229232,1
800,1950,-0.52433413,1
801,1950,-0.5993596,1
802,1950,-0.3852934,1
804,1953,-0.42831907,1
806,1956,-0.3931592,1
807,2010,0.37218735,15
807,2012,0.37823066,18
807,2013,0.38788003,17
807,2014,0.41456848,17
807,2015,0.325568,13
807,2016,0.36646768,17
807,2017,0.32239205,14
807,2018,0.37638766,14
807,2019,0.3825719,17
807,2020,0.30464676,2
807,2022,0.19764459,2
807,2023,0.3256081,21
807,2024,0.3779822,21
807,2025,0.38482827,20
808,2010,0.14215875,14
808,2011,0.17005372,16
808,2012,-0.0076404107,17
809,2010,-0.072298214,10
810,2010,0.025758607,9
810,2011,-0.032949943,8
810,2012,0.04484222,18
811,2010,0.017883737,8
811,2011,0.13961637,1
812,2011,0.055508398,13
812,2012,0.04154705,15
812,2013,0.055225253,16
812,2014,0.03289968,13
812,2015,0.09986379,10
813,2011,-0.033731118,18
813,2012,0.0037168309,19
813,2013,0.011964148,15
814,2011,0.16145588,13
814,2012,0.20925221,14
814,2013,0.1916219,19
814,2014,0.17551471,15
814,2015,0.20934796,18
814,2016,0.24271771,21
814,2017,0.21595815,19
814,2018,0.1895181,19
814,2019,0.17081852,19
814,2020,0.23367044,14
814,2021,0.30670387,20
814,2022,0.32778305,20
814,2023,0.34338236,20
814,2024,0.26354814,20
815,2011,0.16343577,16
815,2012,0.27276668,1
816,2011,0.2365323,8
816,2012,0.2520269,19
816,2013,0.2746518,16
816,2014,0.54354316,16
816,2015,0.33593535,17
816,2016,0.5008234,21
816,2017,0.5091314,14
816,2018,0.32521942,13
816,2019,0.28603306,15
816,2020,0.39984292,16
816,2021,0.32547745,21
816,2022,0.25096664,19
816,2023,0.22075443,7
816,2024,0.19722286,16
817,2012,0.16922198,16
817,2013,0.16957743,15
817,2014,0.18800832,14
818,2012,0.01214058,15
818,2013,0.07318446,15
819,2013,0.017465966,19
819,2014,0.03146618,13
820,2013,0.05331606,17
820,2014,0.045804594,13
820,2016,0.08656866,16
821,2013,0.31333417,17
821,2014,0.53792924,18
821,2015,0.5771317,17
821,2016,0.462481,19
821,2017,0.6077179,19
821,2018,0.60517985,19
821,2019,0.67602235,19
821,2020,0.63094544,16
821,2021,0.6167509,18
821,2022,0.40651822,17
821,2023,0.36885998,19
821,2024,0.2880296,22
822,2013,-0.033424165,16
823,2013,0.06848935,16
823,2014,0.07997092,12
824,2014,-0.05018196,18
824,2016,-0.24339962,17
824,2017,-0.17126471,15
824,2018,-0.060757466,18
824,2019,-0.10776901,19
824,2020,-0.21425104,11
824,2022,-0.145885,18
824,2023,-0.16547073,18
824,2024,-0.12955289,21
825,2014,-0.01848766,14
825,2015,0.14691599,16
825,2016,0.08655893,15
825,2017,0.041728612,11
825,2019,0.10362796,18
825,2020,0.049330752,16
827,2014,0.025209518,11
827,2015,0.1091641,16
827,2016,0.020647077,16
827,2017,0.023665728,14
827,2018,0.086159244,17
828,2014,-0.2911759,1
828,2015,0.14581479,15
829,2015,0.5562348,15
829,2016,0.667423,18
829,2017,0.6376386,13
829,2018,0.7425814,17
829,2019,0.7233034,19
829,2020,0.709348,12
829,2021,0.7408757,19
829,2022,0.7860122,21
829,2023,0.8368349,22
829,2024,0.750431,23
829,2025,0.75568855,23
830,2015,0.33002806,16
830,2016,0.31639963,17
831,2015,0.16208494,12
831,2016,0.15762042,17
831,2017,0.114450015,12
831,2018,0.15716846,19
831,2019,0.22719538,17
831,2020,0.2557287,14
831,2021,0.25040153,22
831,2022,0.29858196,16
831,2023,0.30148357,20
831,2024,0.32960826,21
831,2025,0.25283897,20
832,2015,0.13204002,12
833,2015,0.018824013,5
834,2016,0.14105564,15
834,2017,0.19183145,11
835,2016,-0.04308115,16
835,2017,-0.07814109,15
836,2016,-0.0074864808,9
837,2016,-0.45870724,1
837,2017,-0.04735696,14
837,2018,-0.04485313,19
838,2016,0.122911535,9
838,2017,0.29140002,19
838,2018,0.27385387,15
838,2020,0.23779225,13
838,2021,0.27903655,19
838,2022,0.2743836,20
838,2023,0.3252315,16
838,2024,0.24803084,21
838,2025,0.24339002,23
839,2017,0.13132752,16
839,2018,0.034406785,19
839,2019,0.1129667,19
839,2020,0.17075019,11
839,2021,0.10048699,19
839,2022,0.10160037,20
839,2023,0.16384369,18
839,2024,0.0766163,21
839,2025,0.040844142,22
840,2017,-0.20010987,1
840,2019,0.12777759,20
840,2020,0.07405647,14
840,2021,0.080958016,21
841,2017,-0.35839534,2
841,2018,-0.04409339,15
842,2018,-0.022761086,15
842,2019,0.26446417,19
842,2020,0.07808813,13
842,2021,0.16330451,20
842,2022,0.27914187,19
842,2023,0.13543732,18
842,2024,0.31555223,23
842,2025,0.22634724,21
843,2018,-0.057486184,18
844,2019,0.17706536,17
844,2020,0.2636277,16
844,2021,0.32783198,21
844,2022,0.24813072,20
844,2023,0.27283913,21
844,2024,0.3971827,24
844,2025,0.43762082,23
845,2019,-0.022022774,19
845,2020,0.03899262,13
845,2021,0.03523406,17
845,2022,0.28722522,21
845,2023,0.16486475,19
845,2024,0.20688514,23
845,2025,0.28418025,24
846,2019,0.42623824,20
846,2020,0.4894043,16
846,2022,0.28860804,17
846,2023,0.32460767,18
846,2024,0.32354444,17
846,2025,0.38106447,20
847,2020,-0.09433091,14
847,2021,-0.08479915,19
847,2022,-0.07491239,18
848,2020,-0.09182665,2
849,2020,-0.27617547,1
850,2021,0.03604275,18
850,2022,0.092338026,16
850,2023,0.11079179,20
850,2024,0.065952815,20
850,2025,0.049955916,23
851,2021,-0.058816455,16
852,2021,0.092237756,19
852,2022,0.19354132,19
853,2022,-0.020335214,17
853,2023,-0.022391215,19
853,2024,-0.017920604,22
854,2022,-0.41756746,1
854,2023,-0.08936001,9
855,2023,0.25285268,19
855,2024,0.4007032,24
855,2025,0.4798346,22
856,2023,0.20989756,17
856,2024,0.25014582,12
857,2023,0.108905315,5
857,2024,0.14990641,6
857,2025,0.2102159,19
858,2025,0.027529214,20
859,2024,0.017289877,3
859,2025,0.06380135,21
860,2024,0.10429736,6
860,2025,0.09087538,17
861,2024,-0.10779172,1
861,2025,0.26601782,4
864,2025,0.42966455,19
870,2025,0.3011997,22
