model,lambda_orthogonal,driver_name,old_constructor,new_constructor,old_season,new_season,round,raceId,actual,pred_new,pred_old,baseline_driver,baseline_constructor
model_no_orthogonal,0.0,hulkenberg,aston_martin,haas,2022,2023,1,433,15.0,5.410621643066406,5.236430644989014,14.5,13.405405405405405
model_no_orthogonal,0.0,de_vries,williams,alphatauri,2022,2023,1,433,14.0,7.84095573425293,7.687832832336426,9.0,12.257142857142858
model_no_orthogonal,0.0,alonso,alpine,aston_martin,2022,2023,1,433,3.0,2.915173292160034,3.656879186630249,8.647058823529411,11.2
model_no_orthogonal,0.0,gasly,alphatauri,alpine,2022,2023,1,433,9.0,7.722394943237305,6.422759056091309,11.578947368421053,8.405405405405405
model_no_orthogonal,0.0,de_vries,williams,alphatauri,2022,2023,2,434,14.0,7.631608009338379,7.481102466583252,9.0,12.257142857142858
model_no_orthogonal,0.0,hulkenberg,aston_martin,haas,2022,2023,2,434,12.0,5.566215991973877,5.392025470733643,14.5,13.405405405405405
model_no_orthogonal,0.0,gasly,alphatauri,alpine,2022,2023,2,434,9.0,5.553839683532715,4.317893981933594,11.578947368421053,8.405405405405405
model_no_orthogonal,0.0,alonso,alpine,aston_martin,2022,2023,2,434,3.0,2.2345876693725586,2.926027774810791,8.647058823529411,11.2
model_no_orthogonal,0.0,de_vries,williams,alphatauri,2022,2023,3,435,15.0,7.00356388092041,6.8609113693237305,9.0,12.257142857142858
model_no_orthogonal,0.0,gasly,alphatauri,alpine,2022,2023,3,435,13.0,5.326627254486084,4.1511712074279785,11.578947368421053,8.405405405405405
model_no_orthogonal,0.0,alonso,alpine,aston_martin,2022,2023,3,435,3.0,2.5951857566833496,3.328305721282959,8.647058823529411,11.2
model_no_orthogonal,0.0,hulkenberg,aston_martin,haas,2022,2023,3,435,7.0,5.410621643066406,5.236430644989014,14.5,13.405405405405405
model_no_orthogonal,0.0,hulkenberg,aston_martin,haas,2022,2023,4,436,17.0,5.9485015869140625,5.8061981201171875,14.5,13.405405405405405
model_no_orthogonal,0.0,gasly,alphatauri,alpine,2022,2023,4,436,14.0,7.435988903045654,6.136679649353027,11.578947368421053,8.405405405405405
model_no_orthogonal,0.0,alonso,alpine,aston_martin,2022,2023,4,436,4.0,3.202746868133545,3.9869461059570312,8.647058823529411,11.2
model_no_orthogonal,0.0,de_vries,williams,alphatauri,2022,2023,5,437,18.0,7.00356388092041,6.8609113693237305,9.0,12.257142857142858
model_no_orthogonal,0.0,hulkenberg,aston_martin,haas,2022,2023,5,437,15.0,5.809619426727295,5.6301774978637695,14.5,13.405405405405405
model_no_orthogonal,0.0,alonso,alpine,aston_martin,2022,2023,5,437,3.0,2.0337538719177246,2.7169947624206543,8.647058823529411,11.2
model_no_orthogonal,0.0,gasly,alphatauri,alpine,2022,2023,5,437,8.0,4.075475692749023,3.130422592163086,11.578947368421053,8.405405405405405
model_no_orthogonal,0.0,hulkenberg,aston_martin,haas,2022,2023,6,438,17.0,7.0500006675720215,6.854709148406982,14.5,13.405405405405405
model_no_orthogonal,0.0,de_vries,williams,alphatauri,2022,2023,6,438,12.0,6.3655242919921875,6.228572845458984,9.0,12.257142857142858
model_no_orthogonal,0.0,gasly,alphatauri,alpine,2022,2023,6,438,7.0,4.726884841918945,3.710618019104004,11.578947368421053,8.405405405405405
model_no_orthogonal,0.0,alonso,alpine,aston_martin,2022,2023,6,438,2.0,2.0337538719177246,2.7169947624206543,8.647058823529411,11.2
model_no_orthogonal,0.0,de_vries,williams,alphatauri,2022,2023,7,439,14.0,6.792876720428467,6.654181003570557,9.0,12.257142857142858
model_no_orthogonal,0.0,hulkenberg,aston_martin,haas,2022,2023,7,439,15.0,4.876956939697266,4.731875419616699,14.5,13.405405405405405
model_no_orthogonal,0.0,gasly,alphatauri,alpine,2022,2023,7,439,10.0,4.289677619934082,3.2832016944885254,11.578947368421053,8.405405405405405
model_no_orthogonal,0.0,alonso,alpine,aston_martin,2022,2023,7,439,7.0,3.821791887283325,4.853414535522461,8.647058823529411,11.2
model_no_orthogonal,0.0,gasly,alphatauri,alpine,2022,2023,8,440,12.0,7.022528648376465,5.723664283752441,11.578947368421053,8.405405405405405
model_no_orthogonal,0.0,de_vries,williams,alphatauri,2022,2023,8,440,18.0,7.590169906616211,7.441264629364014,9.0,12.257142857142858
model_no_orthogonal,0.0,hulkenberg,aston_martin,haas,2022,2023,8,440,15.0,3.3315391540527344,3.200538158416748,14.5,13.405405405405405
model_no_orthogonal,0.0,alonso,alpine,aston_martin,2022,2023,8,440,2.0,2.2345876693725586,2.926027774810791,8.647058823529411,11.2
model_no_orthogonal,0.0,de_vries,williams,alphatauri,2022,2023,9,441,17.0,6.5252838134765625,6.2594451904296875,9.0,12.257142857142858
model_no_orthogonal,0.0,gasly,alphatauri,alpine,2022,2023,9,441,10.0,5.326627254486084,4.1511712074279785,11.578947368421053,8.405405405405405
model_no_orthogonal,0.0,alonso,alpine,aston_martin,2022,2023,9,441,5.0,3.430367946624756,4.317013740539551,8.647058823529411,11.2
model_no_orthogonal,0.0,hulkenberg,aston_martin,haas,2022,2023,10,442,13.0,5.607494831085205,5.433304309844971,14.5,13.405405405405405
model_no_orthogonal,0.0,de_vries,williams,alphatauri,2022,2023,10,442,17.0,7.799517631530762,7.6479949951171875,9.0,12.257142857142858
model_no_orthogonal,0.0,gasly,alphatauri,alpine,2022,2023,10,442,18.0,5.6257243156433105,4.3576788902282715,11.578947368421053,8.405405405405405
model_no_orthogonal,0.0,alonso,alpine,aston_martin,2022,2023,10,442,7.0,3.863018035888672,4.91370964050293,8.647058823529411,11.2
model_no_orthogonal,0.0,ricciardo,mclaren,alphatauri,2022,2023,11,443,13.0,4.761955261230469,4.083244323730469,11.631578947368421,12.257142857142858
model_no_orthogonal,0.0,hulkenberg,aston_martin,haas,2022,2023,11,443,14.0,5.410621643066406,5.236430644989014,14.5,13.405405405405405
model_no_orthogonal,0.0,alonso,alpine,aston_martin,2022,2023,11,443,9.0,3.657989025115967,4.647080421447754,8.647058823529411,11.2
model_no_orthogonal,0.0,hulkenberg,aston_martin,haas,2022,2023,12,444,18.0,6.436943054199219,6.294639587402344,14.5,13.405405405405405
model_no_orthogonal,0.0,ricciardo,mclaren,alphatauri,2022,2023,12,444,16.0,6.001367092132568,5.322291851043701,11.631578947368421,12.257142857142858
model_no_orthogonal,0.0,gasly,alphatauri,alpine,2022,2023,12,444,11.0,6.068552494049072,4.770694732666016,11.578947368421053,8.405405405405405
model_no_orthogonal,0.0,alonso,alpine,aston_martin,2022,2023,12,444,5.0,3.863018035888672,4.91370964050293,8.647058823529411,11.2
model_no_orthogonal,0.0,alonso,alpine,aston_martin,2022,2023,13,445,2.0,2.915173292160034,3.656879186630249,8.647058823529411,11.2
model_no_orthogonal,0.0,gasly,alphatauri,alpine,2022,2023,13,445,3.0,6.068552494049072,4.770694732666016,11.578947368421053,8.405405405405405
model_no_orthogonal,0.0,hulkenberg,aston_martin,haas,2022,2023,13,445,12.0,6.389972686767578,6.194680690765381,14.5,13.405405405405405
model_no_orthogonal,0.0,alonso,alpine,aston_martin,2022,2023,14,446,9.0,4.066643238067627,5.128580093383789,8.647058823529411,11.2
model_no_orthogonal,0.0,gasly,alphatauri,alpine,2022,2023,14,446,15.0,7.102203369140625,5.803234577178955,11.578947368421053,8.405405405405405
model_no_orthogonal,0.0,hulkenberg,aston_martin,haas,2022,2023,14,446,17.0,6.0163493156433105,5.82705020904541,14.5,13.405405405405405
model_no_orthogonal,0.0,gasly,alphatauri,alpine,2022,2023,15,447,6.0,6.068552494049072,4.770694732666016,11.578947368421053,8.405405405405405
model_no_orthogonal,0.0,hulkenberg,aston_martin,haas,2022,2023,15,447,13.0,5.213748455047607,5.039557456970215,14.5,13.405405405405405
model_no_orthogonal,0.0,alonso,alpine,aston_martin,2022,2023,15,447,15.0,3.430367946624756,4.317013740539551,8.647058823529411,11.2
model_no_orthogonal,0.0,alonso,alpine,aston_martin,2022,2023,16,448,8.0,4.066643238067627,5.128580093383789,8.647058823529411,11.2
model_no_orthogonal,0.0,gasly,alphatauri,alpine,2022,2023,16,448,10.0,6.068552494049072,4.770694732666016,11.578947368421053,8.405405405405405
model_no_orthogonal,0.0,hulkenberg,aston_martin,haas,2022,2023,16,448,14.0,7.0500006675720215,6.854709148406982,14.5,13.405405405405405
model_no_orthogonal,0.0,alonso,alpine,aston_martin,2022,2023,17,449,6.0,2.5951857566833496,3.328305721282959,8.647058823529411,11.2
model_no_orthogonal,0.0,gasly,alphatauri,alpine,2022,2023,17,449,12.0,4.726884841918945,3.710618019104004,11.578947368421053,8.405405405405405
model_no_orthogonal,0.0,hulkenberg,aston_martin,haas,2022,2023,17,449,16.0,6.389972686767578,6.194680690765381,14.5,13.405405405405405
model_no_orthogonal,0.0,gasly,alphatauri,alpine,2022,2023,18,450,6.0,4.726884841918945,3.710618019104004,11.578947368421053,8.405405405405405
model_no_orthogonal,0.0,hulkenberg,aston_martin,haas,2022,2023,18,450,11.0,6.716216087341309,6.520923614501953,14.5,13.405405405405405
model_no_orthogonal,0.0,ricciardo,mclaren,alphatauri,2022,2023,18,450,15.0,5.135186195373535,4.456475257873535,11.631578947368421,12.257142857142858
model_no_orthogonal,0.0,ricciardo,mclaren,alphatauri,2022,2023,19,451,7.0,2.644228458404541,2.160653591156006,11.631578947368421,12.257142857142858
model_no_orthogonal,0.0,gasly,alphatauri,alpine,2022,2023,19,451,11.0,5.861823081970215,4.564187049865723,11.578947368421053,8.405405405405405
model_no_orthogonal,0.0,hulkenberg,aston_martin,haas,2022,2023,19,451,13.0,5.809619903564453,5.630176544189453,14.5,13.405405405405405
model_no_orthogonal,0.0,alonso,alpine,aston_martin,2022,2023,20,452,3.0,2.5951855182647705,3.32830548286438,8.647058823529411,11.2
model_no_orthogonal,0.0,gasly,alphatauri,alpine,2022,2023,20,452,7.0,6.354958534240723,5.056772708892822,11.578947368421053,8.405405405405405
model_no_orthogonal,0.0,hulkenberg,aston_martin,haas,2022,2023,20,452,12.0,5.607495307922363,5.433303356170654,14.5,13.405405405405405
model_no_orthogonal,0.0,ricciardo,mclaren,alphatauri,2022,2023,20,452,13.0,5.587986946105957,4.909276485443115,11.631578947368421,12.257142857142858
model_no_orthogonal,0.0,alonso,alpine,aston_martin,2022,2023,21,453,9.0,4.026805400848389,5.088742256164551,8.647058823529411,11.2
model_no_orthogonal,0.0,gasly,alphatauri,alpine,2022,2023,21,453,11.0,3.9816932678222656,3.0353105068206787,11.578947368421053,8.405405405405405
model_no_orthogonal,0.0,ricciardo,mclaren,alphatauri,2022,2023,21,453,14.0,5.135186195373535,4.456475734710693,11.631578947368421,12.257142857142858
model_no_orthogonal,0.0,hulkenberg,aston_martin,haas,2022,2023,21,453,19.0,6.016350746154785,5.827049732208252,14.5,13.405405405405405
model_no_orthogonal,0.0,alonso,alpine,aston_martin,2022,2023,22,454,7.0,3.4303677082061768,4.317013740539551,8.647058823529411,11.2
model_no_orthogonal,0.0,ricciardo,mclaren,alphatauri,2022,2023,22,454,11.0,5.174971103668213,4.496260643005371,11.631578947368421,12.257142857142858
model_no_orthogonal,0.0,gasly,alphatauri,alpine,2022,2023,22,454,13.0,5.625723838806152,4.35767936706543,11.578947368421053,8.405405405405405
model_no_orthogonal,0.0,hulkenberg,aston_martin,haas,2022,2023,22,454,15.0,4.950282573699951,4.80519962310791,14.5,13.405405405405405
model_orthogonal,1.0,hulkenberg,aston_martin,haas,2022,2023,1,433,15.0,4.452803134918213,4.333600997924805,14.5,13.405405405405405
model_orthogonal,1.0,de_vries,williams,alphatauri,2022,2023,1,433,14.0,6.979222297668457,6.622184753417969,9.0,12.257142857142858
model_orthogonal,1.0,alonso,alpine,aston_martin,2022,2023,1,433,3.0,2.789822816848755,2.872051954269409,8.647058823529411,11.2
model_orthogonal,1.0,gasly,alphatauri,alpine,2022,2023,1,433,9.0,7.283361434936523,7.145986080169678,11.578947368421053,8.405405405405405
model_orthogonal,1.0,de_vries,williams,alphatauri,2022,2023,2,434,14.0,6.66966438293457,6.312626838684082,9.0,12.257142857142858
model_orthogonal,1.0,hulkenberg,aston_martin,haas,2022,2023,2,434,12.0,4.585577964782715,4.466376781463623,14.5,13.405405405405405
model_orthogonal,1.0,gasly,alphatauri,alpine,2022,2023,2,434,9.0,4.0141472816467285,3.8762340545654297,11.578947368421053,8.405405405405405
model_orthogonal,1.0,alonso,alpine,aston_martin,2022,2023,2,434,3.0,1.9467666149139404,2.0236294269561768,8.647058823529411,11.2
model_orthogonal,1.0,de_vries,williams,alphatauri,2022,2023,3,435,15.0,5.740987777709961,5.382577419281006,9.0,12.257142857142858
model_orthogonal,1.0,gasly,alphatauri,alpine,2022,2023,3,435,13.0,3.87821626663208,3.740841865539551,11.578947368421053,8.405405405405405
model_orthogonal,1.0,alonso,alpine,aston_martin,2022,2023,3,435,3.0,2.4802639484405518,2.556199550628662,8.647058823529411,11.2
model_orthogonal,1.0,hulkenberg,aston_martin,haas,2022,2023,3,435,7.0,4.452803134918213,4.333600997924805,14.5,13.405405405405405
model_orthogonal,1.0,hulkenberg,aston_martin,haas,2022,2023,4,436,17.0,3.433704376220703,3.3219127655029297,14.5,13.405405405405405
model_orthogonal,1.0,gasly,alphatauri,alpine,2022,2023,4,436,14.0,6.626548767089844,6.489173889160156,11.578947368421053,8.405405405405405
model_orthogonal,1.0,alonso,alpine,aston_martin,2022,2023,4,436,4.0,3.099381685256958,3.181610584259033,8.647058823529411,11.2
model_orthogonal,1.0,de_vries,williams,alphatauri,2022,2023,5,437,18.0,5.740987777709961,5.382577419281006,9.0,12.257142857142858
model_orthogonal,1.0,hulkenberg,aston_martin,haas,2022,2023,5,437,15.0,5.0788726806640625,4.959671497344971,14.5,13.405405405405405
model_orthogonal,1.0,alonso,alpine,aston_martin,2022,2023,5,437,3.0,1.813431978225708,1.8845380544662476,8.647058823529411,11.2
model_orthogonal,1.0,gasly,alphatauri,alpine,2022,2023,5,437,8.0,2.6212258338928223,2.473680019378662,11.578947368421053,8.405405405405405
model_orthogonal,1.0,hulkenberg,aston_martin,haas,2022,2023,6,438,17.0,6.947328567504883,6.827767372131348,14.5,13.405405405405405
model_orthogonal,1.0,de_vries,williams,alphatauri,2022,2023,6,438,12.0,4.81231164932251,4.443042278289795,9.0,12.257142857142858
model_orthogonal,1.0,gasly,alphatauri,alpine,2022,2023,6,438,7.0,3.256517171859741,3.1173887252807617,11.578947368421053,8.405405405405405
model_orthogonal,1.0,alonso,alpine,aston_martin,2022,2023,6,438,2.0,1.813431978225708,1.8845380544662476,8.647058823529411,11.2
model_orthogonal,1.0,de_vries,williams,alphatauri,2022,2023,7,439,14.0,5.4314284324646,5.06954288482666,9.0,12.257142857142858
model_orthogonal,1.0,hulkenberg,aston_martin,haas,2022,2023,7,439,15.0,3.6464731693267822,3.5272717475891113,14.5,13.405405405405405
model_orthogonal,1.0,gasly,alphatauri,alpine,2022,2023,7,439,10.0,3.3721871376037598,3.2348124980926514,11.578947368421053,8.405405405405405
model_orthogonal,1.0,alonso,alpine,aston_martin,2022,2023,7,439,7.0,3.8544304370880127,3.936659812927246,8.647058823529411,11.2
model_orthogonal,1.0,gasly,alphatauri,alpine,2022,2023,8,440,12.0,6.0074310302734375,5.87005615234375,11.578947368421053,8.405405405405405
model_orthogonal,1.0,de_vries,williams,alphatauri,2022,2023,8,440,18.0,6.496036529541016,6.1389994621276855,9.0,12.257142857142858
model_orthogonal,1.0,hulkenberg,aston_martin,haas,2022,2023,8,440,15.0,2.4893009662628174,2.356462240219116,14.5,13.405405405405405
model_orthogonal,1.0,alonso,alpine,aston_martin,2022,2023,8,440,2.0,1.9467666149139404,2.0236294269561768,8.647058823529411,11.2
model_orthogonal,1.0,de_vries,williams,alphatauri,2022,2023,9,441,17.0,3.6350834369659424,3.346663475036621,9.0,12.257142857142858
model_orthogonal,1.0,gasly,alphatauri,alpine,2022,2023,9,441,10.0,3.87821626663208,3.740841865539551,11.578947368421053,8.405405405405405
model_orthogonal,1.0,alonso,alpine,aston_martin,2022,2023,9,441,5.0,3.408940315246582,3.4911694526672363,8.647058823529411,11.2
model_orthogonal,1.0,hulkenberg,aston_martin,haas,2022,2023,10,442,13.0,4.765838146209717,4.646636962890625,14.5,13.405405405405405
model_orthogonal,1.0,de_vries,williams,alphatauri,2022,2023,10,442,17.0,6.805595397949219,6.448557376861572,9.0,12.257142857142858
model_orthogonal,1.0,gasly,alphatauri,alpine,2022,2023,10,442,18.0,4.187775135040283,4.050400257110596,11.578947368421053,8.405405405405405
model_orthogonal,1.0,alonso,alpine,aston_martin,2022,2023,10,442,7.0,4.02805757522583,4.110286712646484,8.647058823529411,11.2
model_orthogonal,1.0,ricciardo,mclaren,alphatauri,2022,2023,11,443,13.0,5.0481696128845215,4.688763618469238,11.631578947368421,12.257142857142858
model_orthogonal,1.0,hulkenberg,aston_martin,haas,2022,2023,11,443,14.0,4.452803134918213,4.333600997924805,14.5,13.405405405405405
model_orthogonal,1.0,alonso,alpine,aston_martin,2022,2023,11,443,9.0,3.718499183654785,3.8007283210754395,8.647058823529411,11.2
model_orthogonal,1.0,hulkenberg,aston_martin,haas,2022,2023,12,444,18.0,3.8246569633483887,3.724754571914673,14.5,13.405405405405405
model_orthogonal,1.0,ricciardo,mclaren,alphatauri,2022,2023,12,444,16.0,6.905521869659424,6.546115398406982,11.631578947368421,12.257142857142858
model_orthogonal,1.0,gasly,alphatauri,alpine,2022,2023,12,444,11.0,4.806892395019531,4.669517517089844,11.578947368421053,8.405405405405405
model_orthogonal,1.0,alonso,alpine,aston_martin,2022,2023,12,444,5.0,4.02805757522583,4.110286712646484,8.647058823529411,11.2
model_orthogonal,1.0,alonso,alpine,aston_martin,2022,2023,13,445,2.0,2.789822816848755,2.872051954269409,8.647058823529411,11.2
model_orthogonal,1.0,gasly,alphatauri,alpine,2022,2023,13,445,3.0,4.806892395019531,4.669517517089844,11.578947368421053,8.405405405405405
model_orthogonal,1.0,hulkenberg,aston_martin,haas,2022,2023,13,445,12.0,5.837718486785889,5.718516826629639,14.5,13.405405405405405
model_orthogonal,1.0,alonso,alpine,aston_martin,2022,2023,14,446,9.0,4.337616443634033,4.419845104217529,8.647058823529411,11.2
model_orthogonal,1.0,gasly,alphatauri,alpine,2022,2023,14,446,15.0,6.3546857833862305,6.217311382293701,11.578947368421053,8.405405405405405
model_orthogonal,1.0,hulkenberg,aston_martin,haas,2022,2023,14,446,17.0,5.391907691955566,5.272706985473633,14.5,13.405405405405405
model_orthogonal,1.0,gasly,alphatauri,alpine,2022,2023,15,447,6.0,4.806892395019531,4.669517517089844,11.578947368421053,8.405405405405405
model_orthogonal,1.0,hulkenberg,aston_martin,haas,2022,2023,15,447,13.0,4.139767646789551,4.020566463470459,14.5,13.405405405405405
model_orthogonal,1.0,alonso,alpine,aston_martin,2022,2023,15,447,15.0,3.408940315246582,3.4911694526672363,8.647058823529411,11.2
model_orthogonal,1.0,alonso,alpine,aston_martin,2022,2023,16,448,8.0,4.337616443634033,4.419845104217529,8.647058823529411,11.2
model_orthogonal,1.0,gasly,alphatauri,alpine,2022,2023,16,448,10.0,4.806892395019531,4.669517517089844,11.578947368421053,8.405405405405405
model_orthogonal,1.0,hulkenberg,aston_martin,haas,2022,2023,16,448,14.0,6.947328567504883,6.827767372131348,14.5,13.405405405405405
model_orthogonal,1.0,alonso,alpine,aston_martin,2022,2023,17,449,6.0,2.4802639484405518,2.556199550628662,8.647058823529411,11.2
model_orthogonal,1.0,gasly,alphatauri,alpine,2022,2023,17,449,12.0,3.256517171859741,3.1173887252807617,11.578947368421053,8.405405405405405
model_orthogonal,1.0,hulkenberg,aston_martin,haas,2022,2023,17,449,16.0,5.837718486785889,5.718516826629639,14.5,13.405405405405405
model_orthogonal,1.0,gasly,alphatauri,alpine,2022,2023,18,450,6.0,3.256517171859741,3.1173887252807617,11.578947368421053,8.405405405405405
model_orthogonal,1.0,hulkenberg,aston_martin,haas,2022,2023,18,450,11.0,6.675466537475586,6.555904865264893,14.5,13.405405405405405
model_orthogonal,1.0,ricciardo,mclaren,alphatauri,2022,2023,18,450,15.0,5.493659973144531,5.13425350189209,11.631578947368421,12.257142857142858
model_orthogonal,1.0,ricciardo,mclaren,alphatauri,2022,2023,19,451,7.0,2.230064630508423,1.8739690780639648,11.631578947368421,12.257142857142858
model_orthogonal,1.0,gasly,alphatauri,alpine,2022,2023,19,451,11.0,4.497334003448486,4.359959602355957,11.578947368421053,8.405405405405405
model_orthogonal,1.0,hulkenberg,aston_martin,haas,2022,2023,19,451,13.0,5.078871726989746,4.959671497344971,14.5,13.405405405405405
model_orthogonal,1.0,alonso,alpine,aston_martin,2022,2023,20,452,3.0,2.480264186859131,2.556199550628662,8.647058823529411,11.2
model_orthogonal,1.0,gasly,alphatauri,alpine,2022,2023,20,452,7.0,5.463706016540527,5.326331615447998,11.578947368421053,8.405405405405405
model_orthogonal,1.0,hulkenberg,aston_martin,haas,2022,2023,20,452,12.0,4.765836715698242,4.646636962890625,14.5,13.405405405405405
model_orthogonal,1.0,ricciardo,mclaren,alphatauri,2022,2023,20,452,13.0,6.286403656005859,5.926999092102051,11.631578947368421,12.257142857142858
model_orthogonal,1.0,alonso,alpine,aston_martin,2022,2023,21,453,9.0,4.163989067077637,4.246218204498291,8.647058823529411,11.2
model_orthogonal,1.0,gasly,alphatauri,alpine,2022,2023,21,453,11.0,2.4125068187713623,2.2635862827301025,11.578947368421053,8.405405405405405
model_orthogonal,1.0,ricciardo,mclaren,alphatauri,2022,2023,21,453,14.0,5.493659973144531,5.134253978729248,11.631578947368421,12.257142857142858
model_orthogonal,1.0,hulkenberg,aston_martin,haas,2022,2023,21,453,19.0,5.39190673828125,5.272706985473633,14.5,13.405405405405405
model_orthogonal,1.0,alonso,alpine,aston_martin,2022,2023,22,454,7.0,3.408940315246582,3.4911694526672363,8.647058823529411,11.2
model_orthogonal,1.0,ricciardo,mclaren,alphatauri,2022,2023,22,454,11.0,5.6672868728637695,5.3078813552856445,11.631578947368421,12.257142857142858
model_orthogonal,1.0,gasly,alphatauri,alpine,2022,2023,22,454,13.0,4.187775135040283,4.050401210784912,11.578947368421053,8.405405405405405
model_orthogonal,1.0,hulkenberg,aston_martin,haas,2022,2023,22,454,15.0,3.8267316818237305,3.707531690597534,14.5,13.405405405405405
